time,wave_height,wave_period,wave_direction,wind_wave_height,swell_wave_height,swell_wave_period,swell_wave_direction,wind_speed_10m,wind_direction_10m,beach_id,beach_name,preferred_swell_direction_deg,swell_direction_tolerance_deg,preferred_wind_direction_deg,wind_direction_tolerance_deg,surf_score
2026-08-23T00:00,1.0,7.35,223,0.54,0.5,9.35,224,7.9,177,1,Máncora,315,45,112,45,48.3
2026-08-23T01:00,0.98,7.55,224,0.46,0.48,10.0,227,9.3,188,1,Máncora,315,45,112,45,40.9
2026-08-23T02:00,0.98,7.6,223,0.5,0.48,10.15,227,10.5,192,1,Máncora,315,45,112,45,37.0
2026-08-23T03:00,0.96,7.55,223,0.52,0.48,10.05,226,11.9,185,1,Máncora,315,45,112,45,38.5
2026-08-23T04:00,0.96,7.5,222,0.56,0.48,9.95,226,13.6,186,1,Máncora,315,45,112,45,38.3
2026-08-23T05:00,0.96,7.35,221,0.6,0.46,9.85,226,14.5,186,1,Máncora,315,45,112,45,38.3
2026-08-23T06:00,0.98,7.15,219,0.64,0.44,9.8,225,16.6,186,1,Máncora,315,45,112,45,34.6
2026-08-23T07:00,0.98,7.05,218,0.68,0.42,9.75,225,21.8,182,1,Máncora,315,45,112,45,32.4
2026-08-23T08:00,0.98,7.2,218,0.64,0.42,9.85,225,21.4,173,1,Máncora,315,45,112,45,34.4
2026-08-23T09:00,0.96,7.5,218,0.6,0.4,10.0,226,18.9,176,1,Máncora,315,45,112,45,36.8
2026-08-23T10:00,0.96,7.6,218,0.56,0.4,10.15,226,17.5,189,1,Máncora,315,45,112,45,33.9
2026-08-23T11:00,1.02,7.3,220,0.7,0.4,10.1,225,16.0,207,1,Máncora,315,45,112,45,36.0
2026-08-23T12:00,1.06,6.8,222,0.84,0.38,10.1,224,18.1,223,1,Máncora,315,45,112,45,36.0
2026-08-23T13:00,1.12,6.45,224,0.98,0.38,10.4,223,23.5,246,1,Máncora,315,45,112,45,33.0
2026-08-23T14:00,1.14,6.35,224,1.0,0.4,11.45,223,28.5,243,1,Máncora,315,45,112,45,30.8
2026-08-23T15:00,1.16,6.35,224,1.02,0.42,12.9,223,29.3,241,1,Máncora,315,45,112,45,30.8
2026-08-23T16:00,1.18,6.4,224,1.04,0.44,13.9,223,31.8,245,1,Máncora,315,45,112,45,30.8
2026-08-23T17:00,1.16,6.45,222,1.0,0.46,14.15,224,30.4,235,1,Máncora,315,45,112,45,30.8
2026-08-23T18:00,1.12,6.55,220,0.94,0.46,13.95,226,24.1,220,1,Máncora,315,45,112,45,33.0
2026-08-23T19:00,1.1,6.7,218,0.9,0.48,13.5,227,23.0,209,1,Máncora,315,45,112,45,33.0
2026-08-23T20:00,1.06,6.9,218,0.82,0.5,12.65,227,22.4,199,1,Máncora,315,45,112,45,33.7
2026-08-23T21:00,1.02,7.15,217,0.74,0.52,11.5,227,22.6,199,1,Máncora,315,45,112,45,33.7
2026-08-23T22:00,0.98,7.45,217,0.66,0.54,10.6,227,20.0,195,1,Máncora,315,45,112,45,29.6
2026-08-23T23:00,0.94,7.75,217,0.58,0.52,10.05,226,18.4,188,1,Máncora,315,45,112,45,34.1
2026-08-24T00:00,0.9,8.05,218,0.5,0.52,9.7,226,19.3,176,1,Máncora,315,45,112,45,44.3
2026-08-24T01:00,0.86,8.35,218,0.42,0.5,9.8,225,18.7,178,1,Máncora,315,45,112,45,43.8
2026-08-24T02:00,0.84,8.6,219,0.38,0.5,10.7,226,14.9,179,1,Máncora,315,45,112,45,47.4
2026-08-24T03:00,0.82,8.85,220,0.34,0.52,12.1,226,9.8,187,1,Máncora,315,45,112,45,48.6
2026-08-24T04:00,0.8,9.1,221,0.3,0.52,12.95,227,4.9,188,1,Máncora,315,45,112,45,50.6
2026-08-24T05:00,0.78,9.4,221,0.24,0.5,12.85,226,2.2,156,1,Máncora,315,45,112,45,57.7
2026-08-24T06:00,0.74,9.65,222,0.16,0.48,12.2,224,1.9,146,1,Máncora,315,45,112,45,59.9
2026-08-24T07:00,0.72,9.85,222,0.1,0.46,11.7,223,4.1,131,1,Máncora,315,45,112,45,63.3
2026-08-24T08:00,0.72,10.05,222,0.16,0.46,11.45,222,4.0,87,1,Máncora,315,45,112,45,66.9
2026-08-24T09:00,0.72,10.15,223,0.22,0.46,11.35,222,3.4,335,1,Máncora,315,45,112,45,52.5
2026-08-24T10:00,0.72,9.9,223,0.28,0.46,11.3,221,9.1,292,1,Máncora,315,45,112,45,45.2
2026-08-24T11:00,0.8,9.0,223,0.46,0.46,11.45,221,14.1,273,1,Máncora,315,45,112,45,42.2
2026-08-24T12:00,0.9,7.75,222,0.66,0.48,11.7,222,19.1,261,1,Máncora,315,45,112,45,31.0
2026-08-24T13:00,0.98,6.75,222,0.84,0.48,11.85,222,28.3,251,1,Máncora,315,45,112,45,25.8
2026-08-24T14:00,1.04,6.35,221,0.9,0.48,11.8,222,32.8,246,1,Máncora,315,45,112,45,30.8
2026-08-24T15:00,1.1,6.25,221,0.98,0.46,11.65,221,29.6,244,1,Máncora,315,45,112,45,30.8
2026-08-24T16:00,1.16,6.2,220,1.04,0.46,11.5,221,29.1,232,1,Máncora,315,45,112,45,30.8
2026-08-24T17:00,1.16,6.15,219,1.04,0.46,11.45,221,30.1,218,1,Máncora,315,45,112,45,30.8
2026-08-24T18:00,1.16,6.15,217,1.04,0.44,11.4,222,30.9,209,1,Máncora,315,45,112,45,30.8
2026-08-24T19:00,1.16,6.2,216,1.04,0.44,11.15,222,29.0,203,1,Máncora,315,45,112,45,30.8
2026-08-24T20:00,1.12,6.35,216,0.98,0.44,10.4,221,26.5,202,1,Máncora,315,45,112,45,30.8
2026-08-24T21:00,1.08,6.5,215,0.9,0.44,9.4,221,24.7,201,1,Máncora,315,45,112,45,33.2
2026-08-24T22:00,1.04,6.65,215,0.84,0.44,8.7,220,23.8,200,1,Máncora,315,45,112,45,33.4
2026-08-24T23:00,1.04,6.7,214,0.82,0.44,8.5,220,23.8,198,1,Máncora,315,45,112,45,33.9
2026-08-25T00:00,1.02,6.7,213,0.82,0.44,8.6,220,22.8,194,1,Máncora,315,45,112,45,34.8
2026-08-25T01:00,1.02,6.75,212,0.8,0.44,8.75,220,22.8,190,1,Máncora,315,45,112,45,35.7
2026-08-25T02:00,1.0,6.8,211,0.76,0.46,9.0,221,22.8,186,1,Máncora,315,45,112,45,36.6
2026-08-25T03:00,1.0,6.85,211,0.74,0.46,9.25,222,23.2,181,1,Máncora,315,45,112,45,37.7
2026-08-25T04:00,0.98,6.95,210,0.7,0.48,9.35,223,22.9,181,1,Máncora,315,45,112,45,32.7
2026-08-25T05:00,0.96,7.1,210,0.66,0.46,9.0,222,22.3,180,1,Máncora,315,45,112,45,32.9
2026-08-25T06:00,0.92,7.25,210,0.62,0.44,8.4,220,21.1,180,1,Máncora,315,45,112,45,32.9
2026-08-25T07:00,0.9,7.45,210,0.58,0.42,8.0,219,20.0,175,1,Máncora,315,45,112,45,34.0
2026-08-25T08:00,0.88,7.85,212,0.46,0.42,7.95,219,16.6,171,1,Máncora,315,45,112,45,37.9
2026-08-25T09:00,0.84,8.25,213,0.32,0.42,8.1,218,10.1,163,1,Máncora,315,45,112,45,50.9
2026-08-25T10:00,0.82,8.4,215,0.2,0.42,8.4,218,0.7,284,1,Máncora,315,45,112,45,47.5
2026-08-25T11:00,0.88,8.0,217,0.4,0.42,8.95,218,9.3,302,1,Máncora,315,45,112,45,45.2
2026-08-25T12:00,0.92,7.3,220,0.62,0.42,9.65,217,16.7,291,1,Máncora,315,45,112,45,31.0
2026-08-25T13:00,0.98,6.75,222,0.82,0.42,10.15,217,24.3,278,1,Máncora,315,45,112,45,28.0
2026-08-25T14:00,1.0,6.5,222,0.86,0.42,10.35,217,31.8,260,1,Máncora,315,45,112,45,30.8
2026-08-25T15:00,1.04,6.45,222,0.88,0.42,10.3,217,34.5,244,1,Máncora,315,45,112,45,30.8
2026-08-25T16:00,1.06,6.45,222,0.92,0.42,10.15,217,29.7,241,1,Máncora,315,45,112,45,30.8
2026-08-25T17:00,1.04,6.55,221,0.84,0.4,9.6,218,26.4,233,1,Máncora,315,45,112,45,30.8
2026-08-25T18:00,1.0,6.75,221,0.74,0.4,8.9,220,23.6,223,1,Máncora,315,45,112,45,33.0
2026-08-25T19:00,0.98,6.95,220,0.66,0.38,8.85,221,22.5,215,1,Máncora,315,45,112,45,28.0
2026-08-25T20:00,0.96,7.15,219,0.62,0.36,10.2,224,21.4,210,1,Máncora,315,45,112,45,28.0
2026-08-25T21:00,0.92,7.3,219,0.58,0.34,12.25,227,19.7,208,1,Máncora,315,45,112,45,31.0
2026-08-25T22:00,0.9,7.5,218,0.54,0.32,13.7,230,18.3,208,1,Máncora,315,45,112,45,31.0
2026-08-25T23:00,0.88,7.65,218,0.52,0.32,13.95,231,15.4,207,1,Máncora,315,45,112,45,31.0
2026-08-23T00:00,1.16,7.7,204,0.6,0.7,6.95,189,20.4,184,2,Lobitos,225,45,112,45,48.5
2026-08-23T01:00,1.16,7.75,204,0.58,0.7,7.0,189,19.4,181,2,Lobitos,225,45,112,45,52.2
2026-08-23T02:00,1.16,7.75,204,0.58,0.68,6.95,189,19.1,178,2,Lobitos,225,45,112,45,52.8
2026-08-23T03:00,1.14,7.75,204,0.58,0.68,6.9,190,19.7,176,2,Lobitos,225,45,112,45,53.3
2026-08-23T04:00,1.14,7.75,204,0.58,0.66,6.9,190,19.2,170,2,Lobitos,225,45,112,45,54.6
2026-08-23T05:00,1.12,7.75,204,0.58,0.64,6.95,190,18.2,173,2,Lobitos,225,45,112,45,53.9
2026-08-23T06:00,1.12,7.75,203,0.58,0.64,7.0,189,17.5,178,2,Lobitos,225,45,112,45,52.7
2026-08-23T07:00,1.1,7.75,203,0.58,0.62,7.05,189,19.4,173,2,Lobitos,225,45,112,45,53.8
2026-08-23T08:00,1.1,7.75,202,0.6,0.6,7.05,189,22.4,163,2,Lobitos,225,45,112,45,52.8
2026-08-23T09:00,1.1,7.7,202,0.62,0.6,7.0,189,25.5,164,2,Lobitos,225,45,112,45,50.3
2026-08-23T10:00,1.1,7.7,201,0.64,0.58,6.95,189,26.7,163,2,Lobitos,225,45,112,45,50.4
2026-08-23T11:00,1.08,7.8,202,0.64,0.58,6.85,188,24.0,167,2,Lobitos,225,45,112,45,51.9
2026-08-23T12:00,1.06,7.9,202,0.64,0.56,6.75,188,23.8,182,2,Lobitos,225,45,112,45,48.6
2026-08-23T13:00,1.04,7.95,203,0.64,0.56,6.7,187,23.1,184,2,Lobitos,225,45,112,45,48.3
2026-08-23T14:00,1.04,7.9,204,0.68,0.54,6.55,186,22.8,189,2,Lobitos,225,45,112,45,47.4
2026-08-23T15:00,1.06,7.75,206,0.72,0.5,6.45,185,25.4,199,2,Lobitos,225,45,112,45,43.2
2026-08-23T16:00,1.06,7.65,207,0.76,0.48,7.05,184,27.4,203,2,Lobitos,225,45,112,45,42.8
2026-08-23T17:00,1.08,7.6,206,0.76,0.46,9.05,198,27.7,201,2,Lobitos,225,45,112,45,42.8
2026-08-23T18:00,1.08,7.6,206,0.76,0.44,11.7,211,26.6,196,2,Lobitos,225,45,112,45,43.9
2026-08-23T19:00,1.1,7.6,205,0.76,0.42,13.6,225,23.3,184,2,Lobitos,225,45,112,45,48.7
2026-08-23T20:00,1.08,7.7,205,0.68,0.44,13.9,225,22.3,180,2,Lobitos,225,45,112,45,49.6
2026-08-23T21:00,1.08,7.8,205,0.6,0.44,13.35,225,21.6,178,2,Lobitos,225,45,112,45,50.0
2026-08-23T22:00,1.06,7.95,205,0.52,0.46,13.05,225,20.2,175,2,Lobitos,225,45,112,45,50.7
2026-08-23T23:00,1.04,8.1,205,0.48,0.44,13.35,224,18.6,177,2,Lobitos,225,45,112,45,60.7
2026-08-24T00:00,1.02,8.2,205,0.46,0.44,13.85,223,17.8,177,2,Lobitos,225,45,112,45,60.7
2026-08-24T01:00,1.0,8.35,205,0.42,0.42,14.25,222,17.1,173,2,Lobitos,225,45,112,45,61.6
2026-08-24T02:00,0.98,8.5,205,0.42,0.44,14.5,223,16.4,171,2,Lobitos,225,45,112,45,57.1
2026-08-24T03:00,0.98,8.6,206,0.4,0.44,14.65,223,14.6,176,2,Lobitos,225,45,112,45,59.9
2026-08-24T04:00,0.96,8.75,206,0.4,0.46,14.75,224,12.6,178,2,Lobitos,225,45,112,45,59.4
2026-08-24T05:00,0.94,8.9,206,0.4,0.46,14.75,224,11.9,183,2,Lobitos,225,45,112,45,58.3
2026-08-24T06:00,0.94,9.0,207,0.4,0.46,14.7,224,11.0,190,2,Lobitos,225,45,112,45,56.9
2026-08-24T07:00,0.92,9.05,207,0.4,0.46,14.6,224,9.5,191,2,Lobitos,225,45,112,45,59.7
2026-08-24T08:00,0.94,8.9,206,0.48,0.44,14.35,223,12.4,183,2,Lobitos,225,45,112,45,58.3
2026-08-24T09:00,0.96,8.65,205,0.54,0.44,14.05,221,16.6,180,2,Lobitos,225,45,112,45,55.1
2026-08-24T10:00,0.98,8.4,204,0.62,0.42,13.8,220,23.5,185,2,Lobitos,225,45,112,45,50.8
2026-08-24T11:00,1.0,8.15,205,0.66,0.42,13.85,219,26.9,190,2,Lobitos,225,45,112,45,52.6
2026-08-24T12:00,1.02,7.9,205,0.72,0.42,14.0,219,28.1,203,2,Lobitos,225,45,112,45,42.4
2026-08-24T13:00,1.04,7.7,206,0.76,0.42,13.75,218,28.8,211,2,Lobitos,225,45,112,45,42.6
2026-08-24T14:00,1.08,7.55,207,0.8,0.42,12.75,218,28.4,216,2,Lobitos,225,45,112,45,42.8
2026-08-24T15:00,1.1,7.4,207,0.82,0.42,11.4,217,28.6,213,2,Lobitos,225,45,112,45,42.8
2026-08-24T16:00,1.14,7.3,208,0.86,0.42,10.45,217,30.4,207,2,Lobitos,225,45,112,45,42.9
2026-08-24T17:00,1.14,7.25,207,0.84,0.42,10.25,218,30.2,201,2,Lobitos,225,45,112,45,43.0
2026-08-24T18:00,1.14,7.3,207,0.82,0.42,10.4,219,29.6,193,2,Lobitos,225,45,112,45,44.8
2026-08-24T19:00,1.14,7.35,206,0.8,0.42,10.5,220,26.3,187,2,Lobitos,225,45,112,45,45.9
2026-08-24T20:00,1.14,7.45,206,0.74,0.42,10.4,220,24.4,185,2,Lobitos,225,45,112,45,48.6
2026-08-24T21:00,1.12,7.55,205,0.7,0.4,10.3,220,22.9,184,2,Lobitos,225,45,112,45,48.7
2026-08-24T22:00,1.12,7.65,205,0.64,0.4,10.25,220,23.9,181,2,Lobitos,225,45,112,45,49.3
2026-08-24T23:00,1.12,7.7,204,0.64,0.4,10.3,220,21.8,178,2,Lobitos,225,45,112,45,49.8
2026-08-25T00:00,1.1,7.7,204,0.64,0.42,10.45,220,20.0,177,2,Lobitos,225,45,112,45,50.1
2026-08-25T01:00,1.1,7.75,203,0.64,0.42,10.5,220,20.4,177,2,Lobitos,225,45,112,45,49.9
2026-08-25T02:00,1.1,7.8,203,0.62,0.42,10.45,220,19.9,167,2,Lobitos,225,45,112,45,55.1
2026-08-25T03:00,1.08,7.8,202,0.62,0.4,10.3,220,21.6,161,2,Lobitos,225,45,112,45,53.3
2026-08-25T04:00,1.08,7.85,202,0.6,0.4,10.2,220,21.8,163,2,Lobitos,225,45,112,45,52.8
2026-08-25T05:00,1.08,7.85,201,0.6,0.4,10.2,219,21.5,162,2,Lobitos,225,45,112,45,52.9
2026-08-25T06:00,1.1,7.85,201,0.58,0.42,10.2,217,21.2,161,2,Lobitos,225,45,112,45,53.1
2026-08-25T07:00,1.1,7.85,200,0.58,0.42,10.15,216,21.0,160,2,Lobitos,225,45,112,45,53.2
2026-08-25T08:00,1.08,7.95,200,0.58,0.42,9.9,216,22.6,158,2,Lobitos,225,45,112,45,53.6
2026-08-25T09:00,1.08,8.05,201,0.56,0.44,9.6,217,23.3,162,2,Lobitos,225,45,112,45,60.4
2026-08-25T10:00,1.06,8.05,201,0.56,0.44,9.35,217,22.8,168,2,Lobitos,225,45,112,45,59.1
2026-08-25T11:00,1.08,7.9,202,0.64,0.44,9.25,217,22.4,177,2,Lobitos,225,45,112,45,49.7
2026-08-25T12:00,1.12,7.7,203,0.74,0.46,9.3,216,25.6,192,2,Lobitos,225,45,112,45,44.3
2026-08-25T13:00,1.14,7.5,204,0.82,0.46,9.3,216,31.6,209,2,Lobitos,225,45,112,45,42.3
2026-08-25T14:00,1.16,7.4,205,0.84,0.46,9.3,216,31.0,212,2,Lobitos,225,45,112,45,42.4
2026-08-25T15:00,1.16,7.3,205,0.88,0.48,9.35,215,32.1,212,2,Lobitos,225,45,112,45,42.4
2026-08-25T16:00,1.18,7.25,206,0.9,0.48,9.4,215,31.3,208,2,Lobitos,225,45,112,45,42.6
2026-08-25T17:00,1.18,7.3,205,0.82,0.48,9.65,205,27.9,206,2,Lobitos,225,45,112,45,42.4
2026-08-25T18:00,1.16,7.4,205,0.74,0.48,9.95,196,26.4,197,2,Lobitos,225,45,112,45,43.5
2026-08-25T19:00,1.16,7.5,204,0.66,0.48,9.75,186,23.8,188,2,Lobitos,225,45,112,45,47.6
2026-08-25T20:00,1.16,7.6,203,0.6,0.56,8.35,192,23.1,185,2,Lobitos,225,45,112,45,48.1
2026-08-25T21:00,1.14,7.75,203,0.54,0.62,6.45,198,21.1,183,2,Lobitos,225,45,112,45,48.6
2026-08-25T22:00,1.14,7.85,202,0.48,0.7,5.45,204,20.4,178,2,Lobitos,225,45,112,45,49.5
2026-08-25T23:00,1.12,7.95,202,0.48,0.68,6.25,203,19.0,173,2,Lobitos,225,45,112,45,53.6
2026-08-23T00:00,0.88,10.15,198,0.02,0.72,6.5,186,6.3,177,3,Chicama,225,45,135,45,71.4
2026-08-23T01:00,0.88,10.15,198,0.02,0.72,6.5,186,5.1,172,3,Chicama,225,45,135,45,72.5
2026-08-23T02:00,0.88,10.15,198,0.02,0.72,6.55,186,6.0,159,3,Chicama,225,45,135,45,75.4
2026-08-23T03:00,0.86,10.15,197,0.02,0.72,6.55,186,8.9,172,3,Chicama,225,45,135,45,72.4
2026-08-23T04:00,0.86,10.15,197,0.02,0.72,6.6,186,13.3,182,3,Chicama,225,45,135,45,67.1
2026-08-23T05:00,0.86,10.15,197,0.02,0.72,6.6,185,14.7,172,3,Chicama,225,45,135,45,69.4
2026-08-23T06:00,0.86,10.15,196,0.0,0.72,6.65,185,11.0,180,3,Chicama,225,45,135,45,67.4
2026-08-23T07:00,0.86,10.15,196,0.0,0.72,6.65,184,3.6,252,3,Chicama,225,45,135,45,62.7
2026-08-23T08:00,0.86,10.15,196,0.0,0.72,6.65,184,5.7,171,3,Chicama,225,45,135,45,72.4
2026-08-23T09:00,0.86,10.2,196,0.02,0.72,6.6,184,9.2,163,3,Chicama,225,45,135,45,74.2
2026-08-23T10:00,0.86,10.2,196,0.02,0.72,6.6,184,7.7,180,3,Chicama,225,45,135,45,70.4
2026-08-23T11:00,0.86,10.2,196,0.06,0.7,6.6,184,8.7,197,3,Chicama,225,45,135,45,66.6
2026-08-23T12:00,0.84,10.25,196,0.1,0.7,6.65,183,12.4,201,3,Chicama,225,45,135,45,62.8
2026-08-23T13:00,0.84,10.25,196,0.14,0.68,6.65,183,12.9,196,3,Chicama,225,45,135,45,63.9
2026-08-23T14:00,0.84,10.25,196,0.14,0.68,6.65,183,14.6,201,3,Chicama,225,45,135,45,62.8
2026-08-23T15:00,0.86,10.2,197,0.16,0.68,6.6,183,14.4,200,3,Chicama,225,45,135,45,63.1
2026-08-23T16:00,0.86,10.2,197,0.16,0.68,6.6,183,13.1,203,3,Chicama,225,45,135,45,62.5
2026-08-23T17:00,0.86,10.25,197,0.14,0.68,6.55,183,14.8,201,3,Chicama,225,45,135,45,62.9
2026-08-23T18:00,0.86,10.35,198,0.1,0.7,6.5,184,14.1,191,3,Chicama,225,45,135,45,65.3
2026-08-23T19:00,0.86,10.45,198,0.08,0.7,6.5,184,10.7,189,3,Chicama,225,45,135,45,65.8
2026-08-23T20:00,0.86,10.5,198,0.06,0.7,6.5,184,6.3,195,3,Chicama,225,45,135,45,67.4
2026-08-23T21:00,0.86,10.55,198,0.06,0.68,6.55,184,5.8,210,3,Chicama,225,45,135,45,64.1
2026-08-23T22:00,0.86,10.6,198,0.04,0.68,6.55,184,7.8,206,3,Chicama,225,45,135,45,65.0
2026-08-23T23:00,0.86,10.65,198,0.04,0.68,6.55,184,6.0,207,3,Chicama,225,45,135,45,64.8
2026-08-24T00:00,0.84,10.65,198,0.04,0.66,6.6,183,3.9,208,3,Chicama,225,45,135,45,66.8
2026-08-24T01:00,0.84,10.65,198,0.04,0.66,6.6,183,1.8,11,3,Chicama,225,45,135,45,63.0
2026-08-24T02:00,0.84,10.65,198,0.04,0.66,6.6,183,2.9,22,3,Chicama,225,45,135,45,63.0
2026-08-24T03:00,0.84,10.65,197,0.04,0.66,6.65,182,2.5,60,3,Chicama,225,45,135,45,66.2
2026-08-24T04:00,0.84,10.65,197,0.04,0.66,6.7,182,0.5,360,3,Chicama,225,45,135,45,62.8
2026-08-24T05:00,0.84,10.6,197,0.04,0.66,6.8,182,2.5,30,3,Chicama,225,45,135,45,62.8
2026-08-24T06:00,0.86,10.55,197,0.04,0.64,6.9,181,2.5,45,3,Chicama,225,45,135,45,62.8
2026-08-24T07:00,0.86,10.5,197,0.04,0.64,7.0,181,3.2,109,3,Chicama,225,45,135,45,77.1
2026-08-24T08:00,0.86,10.45,197,0.06,0.64,7.05,181,4.9,156,3,Chicama,225,45,135,45,78.2
2026-08-24T09:00,0.86,10.45,197,0.1,0.62,7.1,180,7.6,175,3,Chicama,225,45,135,45,71.7
2026-08-24T10:00,0.86,10.35,197,0.12,0.62,7.1,180,10.2,193,3,Chicama,225,45,135,45,64.7
2026-08-24T11:00,0.88,10.15,197,0.2,0.62,7.1,180,14.3,198,3,Chicama,225,45,135,45,63.6
2026-08-24T12:00,0.88,9.95,196,0.28,0.62,7.1,181,18.4,200,3,Chicama,225,45,135,45,54.2
2026-08-24T13:00,0.9,9.75,196,0.36,0.62,7.1,181,21.1,194,3,Chicama,225,45,135,45,52.6
2026-08-24T14:00,0.92,9.6,196,0.36,0.6,7.15,181,22.3,192,3,Chicama,225,45,135,45,53.0
2026-08-24T15:00,0.92,9.5,196,0.38,0.6,7.15,180,22.1,190,3,Chicama,225,45,135,45,53.5
2026-08-24T16:00,0.94,9.45,196,0.38,0.58,7.2,180,22.2,189,3,Chicama,225,45,135,45,53.7
2026-08-24T17:00,0.94,9.45,196,0.34,0.58,7.2,180,22.0,189,3,Chicama,225,45,135,45,53.7
2026-08-24T18:00,0.92,9.45,196,0.32,0.58,7.15,181,20.1,195,3,Chicama,225,45,135,45,52.3
2026-08-24T19:00,0.92,9.45,196,0.28,0.58,7.15,181,16.3,194,3,Chicama,225,45,135,45,55.6
2026-08-24T20:00,0.94,9.4,196,0.28,0.58,7.2,181,15.8,194,3,Chicama,225,45,135,45,55.6
2026-08-24T21:00,0.94,9.3,195,0.3,0.56,7.25,181,14.1,191,3,Chicama,225,45,135,45,59.8
2026-08-24T22:00,0.96,9.25,195,0.3,0.56,7.3,181,10.4,201,3,Chicama,225,45,135,45,57.6
2026-08-24T23:00,0.96,9.2,195,0.28,0.54,7.3,181,8.5,198,3,Chicama,225,45,135,45,61.3
2026-08-25T00:00,0.96,9.15,195,0.24,0.54,7.25,180,9.0,195,3,Chicama,225,45,135,45,61.9
2026-08-25T01:00,0.96,9.1,195,0.22,0.52,7.25,180,8.8,197,3,Chicama,225,45,135,45,61.5
2026-08-25T02:00,0.96,9.1,195,0.18,0.5,7.25,180,9.0,196,3,Chicama,225,45,135,45,61.7
2026-08-25T03:00,0.96,9.15,196,0.14,0.5,7.25,181,8.2,190,3,Chicama,225,45,135,45,63.2
2026-08-25T04:00,0.96,9.15,196,0.1,0.48,7.55,181,5.7,189,3,Chicama,225,45,135,45,63.4
2026-08-25T05:00,0.96,9.15,196,0.12,0.46,8.4,182,4.6,206,3,Chicama,225,45,135,45,61.9
2026-08-25T06:00,0.98,9.15,197,0.12,0.44,9.5,184,4.5,203,3,Chicama,225,45,135,45,62.7
2026-08-25T07:00,0.98,9.15,197,0.14,0.42,10.3,185,5.5,203,3,Chicama,225,45,135,45,60.5
2026-08-25T08:00,0.98,9.1,197,0.18,0.46,10.6,192,6.8,202,3,Chicama,225,45,135,45,60.7
2026-08-25T09:00,0.98,9.05,196,0.2,0.48,10.6,200,10.8,195,3,Chicama,225,45,135,45,59.1
2026-08-25T10:00,0.98,9.0,196,0.24,0.52,10.55,207,13.7,197,3,Chicama,225,45,135,45,58.6
2026-08-25T11:00,0.98,8.95,196,0.28,0.52,10.45,206,17.2,200,3,Chicama,225,45,135,45,54.2
2026-08-25T12:00,0.98,8.9,196,0.3,0.54,10.3,206,20.5,197,3,Chicama,225,45,135,45,51.9
2026-08-25T13:00,0.98,8.85,196,0.34,0.54,10.2,205,21.7,192,3,Chicama,225,45,135,45,53.0
2026-08-25T14:00,0.98,8.85,196,0.36,0.54,10.2,205,22.7,192,3,Chicama,225,45,135,45,53.0
2026-08-25T15:00,0.98,8.8,195,0.38,0.56,10.25,204,23.9,196,3,Chicama,225,45,135,45,51.9
2026-08-25T16:00,0.98,8.8,195,0.4,0.56,10.25,204,21.4,193,3,Chicama,225,45,135,45,52.6
2026-08-25T17:00,0.98,8.75,195,0.4,0.56,10.2,204,20.1,193,3,Chicama,225,45,135,45,52.6
2026-08-25T18:00,1.0,8.7,195,0.38,0.56,10.15,204,18.1,193,3,Chicama,225,45,135,45,60.6
2026-08-25T19:00,1.0,8.7,195,0.38,0.56,10.05,204,15.1,200,3,Chicama,225,45,135,45,59.1
2026-08-25T20:00,1.0,8.7,195,0.32,0.56,9.95,203,13.3,201,3,Chicama,225,45,135,45,62.6
2026-08-25T21:00,1.02,8.7,196,0.28,0.56,9.85,201,12.5,196,3,Chicama,225,45,135,45,63.9
2026-08-25T22:00,1.02,8.75,196,0.22,0.56,9.75,200,10.7,194,3,Chicama,225,45,135,45,64.3
2026-08-25T23:00,1.02,8.8,196,0.18,0.56,9.7,200,8.0,200,3,Chicama,225,45,135,45,66.0
2026-08-23T00:00,1.0,10.25,196,0.0,0.84,6.7,185,7.0,134,4,Huanchaco,180,90,157,45,82.5
2026-08-23T01:00,1.0,10.25,196,0.0,0.84,6.7,185,6.3,177,4,Huanchaco,180,90,157,45,83.1
2026-08-23T02:00,1.0,10.25,196,0.0,0.82,6.8,185,6.6,135,4,Huanchaco,180,90,157,45,82.7
2026-08-23T03:00,1.0,10.25,195,0.0,0.82,6.95,184,7.4,131,4,Huanchaco,180,90,157,45,82.0
2026-08-23T04:00,1.0,10.25,195,0.0,0.8,7.05,184,9.4,142,4,Huanchaco,180,90,157,45,84.4
2026-08-23T05:00,1.0,10.25,195,0.0,0.8,7.0,183,8.9,148,4,Huanchaco,180,90,157,45,85.7
2026-08-23T06:00,0.98,10.2,194,0.0,0.82,6.9,183,7.0,122,4,Huanchaco,180,90,157,45,75.1
2026-08-23T07:00,0.98,10.2,194,0.0,0.82,6.85,182,2.7,262,4,Huanchaco,180,90,157,45,65.2
2026-08-23T08:00,0.98,10.2,194,0.0,0.82,6.85,182,5.7,217,4,Huanchaco,180,90,157,45,69.6
2026-08-23T09:00,0.98,10.25,194,0.0,0.82,6.85,182,5.5,216,4,Huanchaco,180,90,157,45,69.8
2026-08-23T10:00,0.98,10.3,194,0.0,0.82,6.85,182,6.8,215,4,Huanchaco,180,90,157,45,70.0
2026-08-23T11:00,0.98,10.35,194,0.02,0.82,6.85,182,9.8,220,4,Huanchaco,180,90,157,45,68.9
2026-08-23T12:00,0.96,10.35,194,0.04,0.8,6.8,182,11.2,215,4,Huanchaco,180,90,157,45,67.0
2026-08-23T13:00,0.96,10.4,194,0.06,0.8,6.8,182,11.6,204,4,Huanchaco,180,90,157,45,69.5
2026-08-23T14:00,0.96,10.4,194,0.06,0.8,6.75,182,9.6,201,4,Huanchaco,180,90,157,45,73.1
2026-08-23T15:00,0.96,10.45,195,0.08,0.78,6.7,182,6.1,194,4,Huanchaco,180,90,157,45,74.5
2026-08-23T16:00,0.96,10.45,195,0.08,0.78,6.7,182,5.2,207,4,Huanchaco,180,90,157,45,71.6
2026-08-23T17:00,0.96,10.5,195,0.06,0.78,6.7,182,5.5,171,4,Huanchaco,180,90,157,45,79.6
2026-08-23T18:00,0.98,10.55,196,0.04,0.78,6.75,182,6.1,120,4,Huanchaco,180,90,157,45,74.4
2026-08-23T19:00,0.98,10.6,196,0.02,0.78,6.75,182,5.0,120,4,Huanchaco,180,90,157,45,74.4
2026-08-23T20:00,0.98,10.6,196,0.02,0.78,6.75,182,4.4,128,4,Huanchaco,180,90,157,45,78.4
2026-08-23T21:00,0.98,10.65,196,0.04,0.78,6.8,182,4.9,147,4,Huanchaco,180,90,157,45,82.6
2026-08-23T22:00,0.98,10.65,196,0.04,0.78,6.8,182,5.7,148,4,Huanchaco,180,90,157,45,80.6
2026-08-23T23:00,0.98,10.65,196,0.04,0.78,6.8,182,5.2,119,4,Huanchaco,180,90,157,45,74.1
2026-08-24T00:00,0.98,10.7,196,0.04,0.78,6.85,182,5.8,104,4,Huanchaco,180,90,157,45,70.8
2026-08-24T01:00,0.98,10.7,196,0.04,0.78,6.85,182,5.8,81,4,Huanchaco,180,90,157,45,65.7
2026-08-24T02:00,0.98,10.7,196,0.06,0.78,6.85,182,5.1,86,4,Huanchaco,180,90,157,45,66.8
2026-08-24T03:00,0.98,10.65,195,0.08,0.76,6.85,181,5.9,102,4,Huanchaco,180,90,157,45,70.5
2026-08-24T04:00,0.98,10.65,195,0.1,0.76,6.9,181,6.5,95,4,Huanchaco,180,90,157,45,69.0
2026-08-24T05:00,0.98,10.6,195,0.1,0.74,7.0,180,7.1,83,4,Huanchaco,180,90,157,45,66.3
2026-08-24T06:00,0.98,10.6,195,0.08,0.74,7.1,180,6.9,75,4,Huanchaco,180,90,157,45,64.5
2026-08-24T07:00,0.98,10.55,195,0.08,0.72,7.2,179,8.1,78,4,Huanchaco,180,90,157,45,65.2
2026-08-24T08:00,0.98,10.55,195,0.08,0.72,7.25,179,8.0,95,4,Huanchaco,180,90,157,45,69.0
2026-08-24T09:00,0.98,10.55,195,0.1,0.72,7.3,179,7.6,126,4,Huanchaco,180,90,157,45,75.9
2026-08-24T10:00,0.98,10.5,195,0.1,0.72,7.3,179,9.6,171,4,Huanchaco,180,90,157,45,79.6
2026-08-24T11:00,1.0,10.35,195,0.18,0.72,7.3,179,13.7,191,4,Huanchaco,180,90,157,45,77.2
2026-08-24T12:00,1.0,10.15,194,0.28,0.72,7.3,179,16.6,189,4,Huanchaco,180,90,157,45,74.0
2026-08-24T13:00,1.02,10.0,194,0.36,0.72,7.3,179,17.6,187,4,Huanchaco,180,90,157,45,74.5
2026-08-24T14:00,1.02,9.9,194,0.34,0.72,7.3,179,17.6,187,4,Huanchaco,180,90,157,45,69.5
2026-08-24T15:00,1.04,9.9,194,0.32,0.7,7.35,179,15.4,185,4,Huanchaco,180,90,157,45,69.9
2026-08-24T16:00,1.04,9.85,194,0.3,0.7,7.35,179,14.5,173,4,Huanchaco,180,90,157,45,76.3
2026-08-24T17:00,1.04,9.85,194,0.28,0.68,7.35,179,14.7,157,4,Huanchaco,180,90,157,45,79.9
2026-08-24T18:00,1.04,9.85,194,0.24,0.68,7.4,180,14.1,150,4,Huanchaco,180,90,157,45,78.3
2026-08-24T19:00,1.04,9.85,194,0.22,0.66,7.4,180,13.0,139,4,Huanchaco,180,90,157,45,75.9
2026-08-24T20:00,1.04,9.8,194,0.24,0.66,7.4,180,12.4,124,4,Huanchaco,180,90,157,45,72.6
2026-08-24T21:00,1.06,9.7,193,0.24,0.66,7.4,180,12.8,121,4,Huanchaco,180,90,157,45,72.1
2026-08-24T22:00,1.06,9.6,193,0.26,0.66,7.4,180,11.8,116,4,Huanchaco,180,90,157,45,71.0
2026-08-24T23:00,1.06,9.55,193,0.26,0.64,7.3,180,11.5,125,4,Huanchaco,180,90,157,45,73.0
2026-08-25T00:00,1.08,9.5,194,0.24,0.64,7.15,180,13.4,134,4,Huanchaco,180,90,157,45,74.8
2026-08-25T01:00,1.08,9.45,194,0.24,0.62,7.2,180,13.0,132,4,Huanchaco,180,90,157,45,74.3
2026-08-25T02:00,1.08,9.45,194,0.2,0.6,7.6,180,12.1,125,4,Huanchaco,180,90,157,45,72.8
2026-08-25T03:00,1.08,9.5,195,0.16,0.6,8.15,181,9.2,107,4,Huanchaco,180,90,157,45,71.6
2026-08-25T04:00,1.08,9.5,195,0.12,0.58,8.8,181,8.3,89,4,Huanchaco,180,90,157,45,67.6
2026-08-25T05:00,1.08,9.5,195,0.12,0.6,9.5,190,8.0,82,4,Huanchaco,180,90,157,45,66.1
2026-08-25T06:00,1.1,9.5,195,0.14,0.6,10.3,200,9.8,83,4,Huanchaco,180,90,157,45,66.3
2026-08-25T07:00,1.1,9.5,195,0.14,0.62,10.8,209,12.1,86,4,Huanchaco,180,90,157,45,64.0
2026-08-25T08:00,1.1,9.45,195,0.16,0.62,10.9,208,11.7,107,4,Huanchaco,180,90,157,45,68.6
2026-08-25T09:00,1.12,9.4,194,0.2,0.62,10.8,207,13.0,135,4,Huanchaco,180,90,157,45,75.0
2026-08-25T10:00,1.12,9.35,194,0.22,0.62,10.65,206,13.5,157,4,Huanchaco,180,90,157,45,79.9
2026-08-25T11:00,1.12,9.3,194,0.26,0.64,10.55,205,15.9,176,4,Huanchaco,180,90,157,45,71.9
2026-08-25T12:00,1.12,9.3,194,0.28,0.64,10.45,204,18.5,180,4,Huanchaco,180,90,157,45,71.0
2026-08-25T13:00,1.12,9.3,194,0.32,0.66,10.35,203,18.0,181,4,Huanchaco,180,90,157,45,70.8
2026-08-25T14:00,1.12,9.3,194,0.32,0.66,10.3,203,16.4,183,4,Huanchaco,180,90,157,45,70.4
2026-08-25T15:00,1.1,9.3,195,0.34,0.66,10.3,203,16.7,181,4,Huanchaco,180,90,157,45,70.7
2026-08-25T16:00,1.1,9.3,195,0.34,0.66,10.25,203,14.4,168,4,Huanchaco,180,90,157,45,77.3
2026-08-25T17:00,1.1,9.25,195,0.34,0.68,10.15,203,14.9,161,4,Huanchaco,180,90,157,45,78.9
2026-08-25T18:00,1.12,9.2,194,0.34,0.68,10.0,203,13.8,154,4,Huanchaco,180,90,157,45,79.2
2026-08-25T19:00,1.12,9.15,194,0.34,0.7,9.9,203,12.8,145,4,Huanchaco,180,90,157,45,77.2
2026-08-25T20:00,1.12,9.15,194,0.3,0.7,9.8,202,12.9,132,4,Huanchaco,180,90,157,45,74.3
2026-08-25T21:00,1.14,9.15,194,0.24,0.7,9.7,200,12.4,121,4,Huanchaco,180,90,157,45,71.9
2026-08-25T22:00,1.14,9.2,194,0.2,0.7,9.6,199,11.4,114,4,Huanchaco,180,90,157,45,70.3
2026-08-25T23:00,1.14,9.25,194,0.18,0.7,9.55,199,10.1,102,4,Huanchaco,180,90,157,45,67.7
2026-08-23T00:00,0.86,8.85,192,0.22,0.7,6.65,183,12.1,159,5,Pacasmayo,225,45,45,45,51.7
2026-08-23T01:00,0.86,8.9,192,0.22,0.68,6.65,183,14.0,156,5,Pacasmayo,225,45,45,45,51.7
2026-08-23T02:00,0.86,8.95,192,0.2,0.68,6.65,183,14.4,148,5,Pacasmayo,225,45,45,45,51.7
2026-08-23T03:00,0.84,8.95,192,0.16,0.66,6.65,183,13.3,148,5,Pacasmayo,225,45,45,45,51.7
2026-08-23T04:00,0.84,9.0,192,0.14,0.66,6.65,183,14.3,146,5,Pacasmayo,225,45,45,45,51.7
2026-08-23T05:00,0.84,9.05,192,0.12,0.66,6.65,183,15.2,133,5,Pacasmayo,225,45,45,45,48.4
2026-08-23T06:00,0.82,9.1,191,0.1,0.68,6.65,182,14.6,129,5,Pacasmayo,225,45,45,45,52.9
2026-08-23T07:00,0.82,9.15,191,0.08,0.68,6.6,182,11.1,130,5,Pacasmayo,225,45,45,45,52.7
2026-08-23T08:00,0.82,9.15,191,0.1,0.68,6.55,182,10.5,168,5,Pacasmayo,225,45,45,45,51.6
2026-08-23T09:00,0.82,9.1,191,0.12,0.68,6.45,182,14.9,180,5,Pacasmayo,225,45,45,45,51.6
2026-08-23T10:00,0.82,9.05,191,0.14,0.68,6.4,182,14.1,186,5,Pacasmayo,225,45,45,45,51.6
2026-08-23T11:00,0.82,8.9,191,0.2,0.68,6.45,182,16.7,199,5,Pacasmayo,225,45,45,45,47.8
2026-08-23T12:00,0.84,8.75,191,0.24,0.66,6.5,181,19.4,206,5,Pacasmayo,225,45,45,45,47.8
2026-08-23T13:00,0.84,8.6,191,0.3,0.66,6.6,181,21.9,206,5,Pacasmayo,225,45,45,45,44.8
2026-08-23T14:00,0.84,8.45,191,0.32,0.66,6.65,181,18.2,210,5,Pacasmayo,225,45,45,45,47.8
2026-08-23T15:00,0.86,8.3,190,0.36,0.64,6.75,180,16.7,207,5,Pacasmayo,225,45,45,45,47.7
2026-08-23T16:00,0.86,8.2,190,0.38,0.64,6.8,180,16.6,199,5,Pacasmayo,225,45,45,45,47.7
2026-08-23T17:00,0.86,8.15,190,0.36,0.64,6.8,180,15.9,192,5,Pacasmayo,225,45,45,45,47.7
2026-08-23T18:00,0.86,8.2,190,0.36,0.64,6.8,179,16.0,183,5,Pacasmayo,225,45,45,45,47.7
2026-08-23T19:00,0.86,8.25,190,0.34,0.64,6.8,179,16.1,176,5,Pacasmayo,225,45,45,45,47.7
2026-08-23T20:00,0.86,8.4,190,0.28,0.64,6.8,179,14.3,165,5,Pacasmayo,225,45,45,45,51.4
2026-08-23T21:00,0.84,8.55,191,0.2,0.62,6.8,179,11.9,165,5,Pacasmayo,225,45,45,45,51.6
2026-08-23T22:00,0.84,8.75,191,0.14,0.62,6.75,179,10.3,164,5,Pacasmayo,225,45,45,45,51.6
2026-08-23T23:00,0.84,8.9,191,0.14,0.64,6.6,180,9.4,157,5,Pacasmayo,225,45,45,45,54.6
2026-08-24T00:00,0.82,9.05,191,0.12,0.64,6.45,181,9.7,156,5,Pacasmayo,225,45,45,45,54.6
2026-08-24T01:00,0.82,9.15,191,0.12,0.66,6.35,182,9.7,152,5,Pacasmayo,225,45,45,45,54.6
2026-08-24T02:00,0.82,9.15,191,0.16,0.66,6.35,182,10.4,148,5,Pacasmayo,225,45,45,45,51.6
2026-08-24T03:00,0.82,9.05,190,0.18,0.66,6.4,181,10.2,148,5,Pacasmayo,225,45,45,45,51.4
2026-08-24T04:00,0.82,8.95,190,0.22,0.66,6.45,181,10.8,150,5,Pacasmayo,225,45,45,45,51.4
2026-08-24T05:00,0.82,8.9,189,0.24,0.64,6.55,180,12.1,142,5,Pacasmayo,225,45,45,45,51.2
2026-08-24T06:00,0.84,8.8,189,0.24,0.64,6.7,180,12.8,141,5,Pacasmayo,225,45,45,45,51.2
2026-08-24T07:00,0.84,8.75,188,0.26,0.62,6.8,179,13.6,141,5,Pacasmayo,225,45,45,45,51.1
2026-08-24T08:00,0.84,8.75,188,0.26,0.62,6.8,179,14.7,141,5,Pacasmayo,225,45,45,45,51.1
2026-08-24T09:00,0.84,8.75,188,0.26,0.6,6.8,178,15.6,158,5,Pacasmayo,225,45,45,45,47.3
2026-08-24T10:00,0.84,8.7,188,0.26,0.6,6.85,178,14.1,176,5,Pacasmayo,225,45,45,45,51.1
2026-08-24T11:00,0.84,8.6,188,0.32,0.6,7.05,178,17.8,198,5,Pacasmayo,225,45,45,45,47.3
2026-08-24T12:00,0.86,8.45,189,0.36,0.58,7.35,178,23.2,199,5,Pacasmayo,225,45,45,45,44.5
2026-08-24T13:00,0.86,8.25,189,0.42,0.58,7.6,178,25.7,195,5,Pacasmayo,225,45,45,45,42.2
2026-08-24T14:00,0.88,8.05,189,0.46,0.58,7.75,178,25.4,192,5,Pacasmayo,225,45,45,45,42.2
2026-08-24T15:00,0.9,7.8,188,0.52,0.56,7.9,178,25.3,191,5,Pacasmayo,225,45,45,45,34.6
2026-08-24T16:00,0.92,7.65,188,0.56,0.56,7.95,178,26.7,190,5,Pacasmayo,225,45,45,45,34.6
2026-08-24T17:00,0.92,7.6,188,0.54,0.56,7.95,178,24.8,186,5,Pacasmayo,225,45,45,45,36.8
2026-08-24T18:00,0.94,7.65,188,0.54,0.56,7.9,177,25.0,178,5,Pacasmayo,225,45,45,45,34.6
2026-08-24T19:00,0.94,7.65,188,0.52,0.56,7.85,177,22.3,174,5,Pacasmayo,225,45,45,45,36.8
2026-08-24T20:00,0.96,7.6,188,0.54,0.54,7.85,177,23.1,165,5,Pacasmayo,225,45,45,45,36.8
2026-08-24T21:00,0.96,7.5,187,0.54,0.54,7.9,177,21.7,161,5,Pacasmayo,225,45,45,45,36.7
2026-08-24T22:00,0.98,7.45,187,0.56,0.52,7.9,177,22.2,163,5,Pacasmayo,225,45,45,45,36.7
2026-08-24T23:00,0.98,7.45,187,0.52,0.52,7.85,177,21.4,159,5,Pacasmayo,225,45,45,45,36.7
2026-08-25T00:00,0.98,7.55,188,0.46,0.52,7.85,177,20.7,162,5,Pacasmayo,225,45,45,45,36.8
2026-08-25T01:00,0.98,7.6,188,0.42,0.52,7.9,177,19.8,163,5,Pacasmayo,225,45,45,45,39.8
2026-08-25T02:00,0.98,7.65,188,0.4,0.5,8.15,181,18.6,161,5,Pacasmayo,225,45,45,45,39.8
2026-08-25T03:00,0.98,7.7,189,0.38,0.5,8.55,185,17.5,153,5,Pacasmayo,225,45,45,45,40.0
2026-08-25T04:00,0.98,7.75,189,0.36,0.48,8.8,189,15.9,153,5,Pacasmayo,225,45,45,45,40.0
2026-08-25T05:00,0.98,7.8,189,0.34,0.48,8.8,189,16.1,153,5,Pacasmayo,225,45,45,45,40.0
2026-08-25T06:00,0.98,7.85,190,0.34,0.48,8.7,188,15.6,153,5,Pacasmayo,225,45,45,45,40.2
2026-08-25T07:00,0.98,7.9,190,0.32,0.48,8.65,188,15.3,149,5,Pacasmayo,225,45,45,45,40.2
2026-08-25T08:00,0.98,7.95,190,0.34,0.48,8.7,188,18.5,156,5,Pacasmayo,225,45,45,45,40.2
2026-08-25T09:00,0.98,7.95,190,0.38,0.48,8.8,188,20.7,161,5,Pacasmayo,225,45,45,45,37.2
2026-08-25T10:00,0.98,7.9,190,0.4,0.48,9.05,188,19.3,177,5,Pacasmayo,225,45,45,45,40.2
2026-08-25T11:00,1.0,7.8,190,0.46,0.5,9.55,194,22.9,195,5,Pacasmayo,225,45,45,45,42.2
2026-08-25T12:00,1.0,7.6,190,0.52,0.52,10.1,199,25.1,194,5,Pacasmayo,225,45,45,45,39.9
2026-08-25T13:00,1.02,7.5,190,0.58,0.54,10.55,205,26.2,196,5,Pacasmayo,225,45,45,45,39.9
2026-08-25T14:00,1.02,7.45,190,0.58,0.54,10.65,204,25.7,195,5,Pacasmayo,225,45,45,45,39.9
2026-08-25T15:00,1.02,7.5,190,0.56,0.54,10.6,204,26.1,192,5,Pacasmayo,225,45,45,45,39.9
2026-08-25T16:00,1.02,7.5,190,0.56,0.54,10.5,203,25.7,192,5,Pacasmayo,225,45,45,45,39.9
2026-08-25T17:00,1.02,7.5,190,0.54,0.54,10.45,203,22.8,185,5,Pacasmayo,225,45,45,45,42.2
2026-08-25T18:00,1.02,7.5,190,0.54,0.56,10.35,203,22.7,180,5,Pacasmayo,225,45,45,45,42.2
2026-08-25T19:00,1.02,7.5,190,0.52,0.56,10.25,203,22.0,177,5,Pacasmayo,225,45,45,45,42.2
2026-08-25T20:00,1.04,7.45,190,0.54,0.56,10.2,202,21.0,167,5,Pacasmayo,225,45,45,45,42.2
2026-08-25T21:00,1.04,7.35,189,0.54,0.58,10.15,202,21.7,161,5,Pacasmayo,225,45,45,45,42.0
2026-08-25T22:00,1.06,7.3,189,0.56,0.58,9.85,201,22.0,163,5,Pacasmayo,225,45,45,45,42.0
2026-08-25T23:00,1.06,7.35,190,0.46,0.6,8.85,198,21.8,162,5,Pacasmayo,225,45,45,45,42.2
2026-08-23T00:00,1.18,10.05,194,0.08,1.04,7.1,185,9.3,146,6,Punta Roquitas,225,45,45,45,65.1
2026-08-23T01:00,1.16,10.05,194,0.1,1.02,7.05,185,11.1,121,6,Punta Roquitas,225,45,45,45,65.2
2026-08-23T02:00,1.16,10.05,194,0.12,1.0,7.05,185,10.8,114,6,Punta Roquitas,225,45,45,45,66.8
2026-08-23T03:00,1.14,10.0,193,0.12,1.0,7.0,185,8.8,109,6,Punta Roquitas,225,45,45,45,70.7
2026-08-23T04:00,1.14,10.0,193,0.14,0.98,7.0,185,8.0,121,6,Punta Roquitas,225,45,45,45,68.0
2026-08-23T05:00,1.14,10.0,193,0.12,0.98,6.95,185,6.5,118,6,Punta Roquitas,225,45,45,45,68.7
2026-08-23T06:00,1.14,10.05,193,0.1,0.98,6.9,185,5.4,132,6,Punta Roquitas,225,45,45,45,65.6
2026-08-23T07:00,1.14,10.05,193,0.08,0.98,6.9,185,5.1,107,6,Punta Roquitas,225,45,45,45,71.1
2026-08-23T08:00,1.14,10.05,193,0.1,0.96,6.9,184,4.5,143,6,Punta Roquitas,225,45,45,45,67.2
2026-08-23T09:00,1.12,10.1,194,0.12,0.96,6.95,184,6.6,193,6,Punta Roquitas,225,45,45,45,65.1
2026-08-23T10:00,1.12,10.1,194,0.14,0.94,6.95,183,8.3,185,6,Punta Roquitas,225,45,45,45,65.1
2026-08-23T11:00,1.12,10.1,194,0.16,0.94,6.95,183,11.8,199,6,Punta Roquitas,225,45,45,45,62.1
2026-08-23T12:00,1.12,10.1,194,0.18,0.92,6.95,182,14.6,193,6,Punta Roquitas,225,45,45,45,62.1
2026-08-23T13:00,1.12,10.1,194,0.2,0.92,6.95,182,11.6,204,6,Punta Roquitas,225,45,45,45,62.1
2026-08-23T14:00,1.12,10.1,194,0.18,0.92,6.95,182,10.1,204,6,Punta Roquitas,225,45,45,45,62.1
2026-08-23T15:00,1.12,10.15,194,0.14,0.94,6.9,181,10.4,201,6,Punta Roquitas,225,45,45,45,62.1
2026-08-23T16:00,1.12,10.2,194,0.12,0.94,6.9,181,10.5,192,6,Punta Roquitas,225,45,45,45,62.1
2026-08-23T17:00,1.12,10.25,194,0.14,0.92,6.9,181,11.9,179,6,Punta Roquitas,225,45,45,45,62.1
2026-08-23T18:00,1.12,10.3,195,0.16,0.92,6.95,181,12.6,170,6,Punta Roquitas,225,45,45,45,62.3
2026-08-23T19:00,1.12,10.35,195,0.18,0.9,7.0,181,11.9,165,6,Punta Roquitas,225,45,45,45,62.3
2026-08-23T20:00,1.12,10.3,195,0.2,0.9,7.05,181,10.6,154,6,Punta Roquitas,225,45,45,45,62.3
2026-08-23T21:00,1.12,10.2,195,0.24,0.88,7.15,182,10.6,145,6,Punta Roquitas,225,45,45,45,62.3
2026-08-23T22:00,1.12,10.15,195,0.26,0.88,7.2,182,10.6,140,6,Punta Roquitas,225,45,45,45,62.3
2026-08-23T23:00,1.12,10.15,195,0.22,0.88,7.3,182,9.2,135,6,Punta Roquitas,225,45,45,45,65.3
2026-08-24T00:00,1.12,10.15,195,0.18,0.86,7.4,182,7.9,135,6,Punta Roquitas,225,45,45,45,65.3
2026-08-24T01:00,1.12,10.15,195,0.14,0.86,7.4,182,7.0,113,6,Punta Roquitas,225,45,45,45,70.1
2026-08-24T02:00,1.12,10.1,195,0.16,0.88,7.25,184,7.4,122,6,Punta Roquitas,225,45,45,45,68.1
2026-08-24T03:00,1.1,10.1,195,0.18,0.92,7.05,185,9.6,123,6,Punta Roquitas,225,45,45,45,67.9
2026-08-24T04:00,1.1,10.05,195,0.2,0.94,6.9,187,10.8,122,6,Punta Roquitas,225,45,45,45,65.1
2026-08-24T05:00,1.1,10.0,195,0.2,0.94,6.85,188,11.5,117,6,Punta Roquitas,225,45,45,45,66.3
2026-08-24T06:00,1.12,10.0,194,0.2,0.96,6.85,188,11.2,116,6,Punta Roquitas,225,45,45,45,66.3
2026-08-24T07:00,1.12,9.95,194,0.2,0.96,6.85,189,10.3,123,6,Punta Roquitas,225,45,45,45,59.8
2026-08-24T08:00,1.12,9.9,194,0.22,0.96,6.8,189,10.5,117,6,Punta Roquitas,225,45,45,45,61.1
2026-08-24T09:00,1.14,9.9,194,0.24,0.94,6.7,189,9.4,128,6,Punta Roquitas,225,45,45,45,61.6
2026-08-24T10:00,1.14,9.85,194,0.26,0.94,6.65,189,9.7,155,6,Punta Roquitas,225,45,45,45,60.1
2026-08-24T11:00,1.14,9.85,194,0.28,0.94,6.65,189,11.2,174,6,Punta Roquitas,225,45,45,45,57.1
2026-08-24T12:00,1.14,9.8,195,0.28,0.92,6.65,189,14.1,185,6,Punta Roquitas,225,45,45,45,57.3
2026-08-24T13:00,1.14,9.8,195,0.3,0.92,6.65,189,15.8,178,6,Punta Roquitas,225,45,45,45,53.5
2026-08-24T14:00,1.14,9.8,195,0.32,0.9,6.6,189,16.2,180,6,Punta Roquitas,225,45,45,45,53.5
2026-08-24T15:00,1.16,9.75,194,0.36,0.9,6.55,190,16.2,178,6,Punta Roquitas,225,45,45,45,53.3
2026-08-24T16:00,1.16,9.7,194,0.38,0.88,6.45,190,16.3,174,6,Punta Roquitas,225,45,45,45,53.3
2026-08-24T17:00,1.16,9.6,194,0.4,0.88,6.35,190,16.6,170,6,Punta Roquitas,225,45,45,45,53.3
2026-08-24T18:00,1.18,9.5,193,0.4,0.88,6.2,191,17.1,155,6,Punta Roquitas,225,45,45,45,53.2
2026-08-24T19:00,1.18,9.4,193,0.42,0.88,6.2,191,17.1,142,6,Punta Roquitas,225,45,45,45,53.2
2026-08-24T20:00,1.18,9.35,193,0.42,0.82,6.25,190,16.2,139,6,Punta Roquitas,225,45,45,45,53.2
2026-08-24T21:00,1.2,9.3,192,0.4,0.78,6.35,189,16.3,137,6,Punta Roquitas,225,45,45,45,53.0
2026-08-24T22:00,1.2,9.3,192,0.4,0.72,6.9,188,15.9,134,6,Punta Roquitas,225,45,45,45,53.2
2026-08-24T23:00,1.2,9.25,192,0.36,0.72,8.2,194,13.8,132,6,Punta Roquitas,225,45,45,45,57.4
2026-08-25T00:00,1.22,9.25,192,0.34,0.7,9.95,200,11.7,136,6,Punta Roquitas,225,45,45,45,56.7
2026-08-25T01:00,1.22,9.25,192,0.3,0.7,11.15,206,11.6,136,6,Punta Roquitas,225,45,45,45,56.7
2026-08-25T02:00,1.22,9.25,192,0.26,0.72,11.4,205,11.0,116,6,Punta Roquitas,225,45,45,45,61.0
2026-08-25T03:00,1.24,9.3,193,0.22,0.72,11.15,205,10.5,110,6,Punta Roquitas,225,45,45,45,62.5
2026-08-25T04:00,1.24,9.35,193,0.18,0.74,10.9,204,10.8,111,6,Punta Roquitas,225,45,45,45,62.2
2026-08-25T05:00,1.24,9.4,193,0.16,0.76,10.8,204,11.3,110,6,Punta Roquitas,225,45,45,45,62.5
2026-08-25T06:00,1.24,9.4,193,0.12,0.76,10.65,204,11.7,108,6,Punta Roquitas,225,45,45,45,62.9
2026-08-25T07:00,1.24,9.45,193,0.1,0.78,10.55,204,12.1,105,6,Punta Roquitas,225,45,45,45,63.6
2026-08-25T08:00,1.24,9.45,193,0.1,0.78,10.55,203,12.3,113,6,Punta Roquitas,225,45,45,45,61.8
2026-08-25T09:00,1.24,9.45,193,0.1,0.78,10.5,202,12.1,123,6,Punta Roquitas,225,45,45,45,59.6
2026-08-25T10:00,1.24,9.45,193,0.1,0.78,10.2,201,12.6,142,6,Punta Roquitas,225,45,45,45,56.9
2026-08-25T11:00,1.26,9.4,193,0.16,0.8,9.15,195,13.5,161,6,Punta Roquitas,225,45,45,45,56.9
2026-08-25T12:00,1.26,9.35,192,0.2,0.82,7.75,190,14.9,173,6,Punta Roquitas,225,45,45,45,56.7
2026-08-25T13:00,1.28,9.25,192,0.26,0.84,7.05,184,15.7,177,6,Punta Roquitas,225,45,45,45,53.0
2026-08-25T14:00,1.28,9.15,192,0.32,0.84,7.6,189,16.5,174,6,Punta Roquitas,225,45,45,45,53.0
2026-08-25T15:00,1.3,9.05,191,0.38,0.84,8.85,193,16.4,171,6,Punta Roquitas,225,45,45,45,52.8
2026-08-25T16:00,1.3,9.0,191,0.44,0.84,9.7,198,16.3,167,6,Punta Roquitas,225,45,45,45,52.8
2026-08-25T17:00,1.3,9.0,191,0.4,0.86,9.75,198,15.4,162,6,Punta Roquitas,225,45,45,45,52.8
2026-08-25T18:00,1.28,9.05,192,0.36,0.86,9.45,199,14.6,154,6,Punta Roquitas,225,45,45,45,56.7
2026-08-25T19:00,1.28,9.1,192,0.32,0.88,9.2,199,12.8,148,6,Punta Roquitas,225,45,45,45,56.7
2026-08-25T20:00,1.28,9.15,193,0.32,0.88,9.1,199,11.9,146,6,Punta Roquitas,225,45,45,45,56.9
2026-08-25T21:00,1.26,9.25,193,0.32,0.86,9.0,198,12.1,137,6,Punta Roquitas,225,45,45,45,56.9
2026-08-25T22:00,1.26,9.3,194,0.32,0.86,8.9,198,11.1,133,6,Punta Roquitas,225,45,45,45,57.5
2026-08-25T23:00,1.26,9.35,194,0.32,0.86,8.8,198,10.6,130,6,Punta Roquitas,225,45,45,45,58.2
2026-08-23T00:00,1.02,10.5,203,0.04,0.82,6.95,191,5.4,53,7,Punta Hermosa,180,60,45,45,84.6
2026-08-23T01:00,1.0,10.55,203,0.06,0.82,6.9,191,4.7,113,7,Punta Hermosa,180,60,45,45,73.5
2026-08-23T02:00,1.0,10.55,203,0.04,0.82,6.9,191,5.1,144,7,Punta Hermosa,180,60,45,45,66.4
2026-08-23T03:00,0.98,10.6,203,0.04,0.8,6.9,190,3.3,144,7,Punta Hermosa,180,60,45,45,63.7
2026-08-23T04:00,0.98,10.6,203,0.02,0.8,6.9,190,2.9,68,7,Punta Hermosa,180,60,45,45,78.5
2026-08-23T05:00,0.98,10.6,203,0.02,0.8,6.9,190,3.8,41,7,Punta Hermosa,180,60,45,45,82.8
2026-08-23T06:00,0.98,10.65,203,0.0,0.78,6.85,189,4.4,32,7,Punta Hermosa,180,60,45,45,80.8
2026-08-23T07:00,0.98,10.65,203,0.0,0.78,6.85,189,2.9,90,7,Punta Hermosa,180,60,45,45,73.7
2026-08-23T08:00,0.98,10.7,203,0.0,0.78,6.85,189,4.0,122,7,Punta Hermosa,180,60,45,45,66.5
2026-08-23T09:00,0.98,10.75,204,0.02,0.76,6.9,189,5.8,196,7,Punta Hermosa,180,60,45,45,61.2
2026-08-23T10:00,0.98,10.75,204,0.02,0.76,6.9,189,7.0,209,7,Punta Hermosa,180,60,45,45,61.2
2026-08-23T11:00,0.98,10.75,204,0.04,0.76,6.9,189,11.1,212,7,Punta Hermosa,180,60,45,45,58.2
2026-08-23T12:00,0.98,10.7,204,0.08,0.76,6.85,188,12.6,200,7,Punta Hermosa,180,60,45,45,58.2
2026-08-23T13:00,0.98,10.7,204,0.1,0.76,6.85,188,11.6,212,7,Punta Hermosa,180,60,45,45,58.2
2026-08-23T14:00,0.98,10.7,204,0.1,0.76,6.85,188,11.2,208,7,Punta Hermosa,180,60,45,45,58.2
2026-08-23T15:00,0.98,10.7,204,0.1,0.78,6.85,189,12.1,198,7,Punta Hermosa,180,60,45,45,58.2
2026-08-23T16:00,0.98,10.75,204,0.1,0.78,6.85,189,10.5,192,7,Punta Hermosa,180,60,45,45,58.2
2026-08-23T17:00,0.98,10.8,204,0.1,0.78,6.85,189,10.5,187,7,Punta Hermosa,180,60,45,45,58.2
2026-08-23T18:00,0.98,10.85,205,0.08,0.76,6.9,189,8.8,175,7,Punta Hermosa,180,60,45,45,61.1
2026-08-23T19:00,0.98,10.9,205,0.08,0.76,6.9,189,8.8,184,7,Punta Hermosa,180,60,45,45,61.1
2026-08-23T20:00,0.98,10.9,205,0.08,0.76,6.95,189,8.5,173,7,Punta Hermosa,180,60,45,45,61.1
2026-08-23T21:00,0.98,10.85,206,0.1,0.74,7.0,189,8.1,163,7,Punta Hermosa,180,60,45,45,60.9
2026-08-23T22:00,0.98,10.85,206,0.1,0.74,7.0,189,6.5,146,7,Punta Hermosa,180,60,45,45,60.9
2026-08-23T23:00,0.98,10.85,206,0.08,0.74,6.9,189,2.2,138,7,Punta Hermosa,180,60,45,45,63.2
2026-08-24T00:00,0.98,10.85,206,0.06,0.76,6.8,189,1.4,130,7,Punta Hermosa,180,60,45,45,64.3
2026-08-24T01:00,0.98,10.8,206,0.04,0.76,6.7,189,3.5,35,7,Punta Hermosa,180,60,45,45,80.9
2026-08-24T02:00,0.98,10.75,206,0.04,0.78,6.7,189,2.8,11,7,Punta Hermosa,180,60,45,45,75.6
2026-08-24T03:00,0.98,10.65,206,0.04,0.78,6.7,190,1.8,37,7,Punta Hermosa,180,60,45,45,81.4
2026-08-24T04:00,0.98,10.6,206,0.04,0.8,6.75,190,2.6,34,7,Punta Hermosa,180,60,45,45,80.7
2026-08-24T05:00,0.98,10.55,206,0.06,0.8,6.75,192,4.3,68,7,Punta Hermosa,180,60,45,45,78.0
2026-08-24T06:00,0.98,10.5,205,0.08,0.82,6.8,195,2.7,94,7,Punta Hermosa,180,60,45,45,72.5
2026-08-24T07:00,0.98,10.45,205,0.1,0.82,6.85,197,3.8,107,7,Punta Hermosa,180,60,45,45,69.5
2026-08-24T08:00,1.0,10.45,205,0.12,0.8,7.0,197,2.5,135,7,Punta Hermosa,180,60,45,45,68.3
2026-08-24T09:00,1.0,10.4,204,0.12,0.8,7.15,198,5.4,178,7,Punta Hermosa,180,60,45,45,66.2
2026-08-24T10:00,1.02,10.4,204,0.14,0.78,7.25,198,7.6,199,7,Punta Hermosa,180,60,45,45,66.2
2026-08-24T11:00,1.02,10.35,204,0.16,0.76,7.1,198,10.2,203,7,Punta Hermosa,180,60,45,45,63.2
2026-08-24T12:00,1.02,10.3,205,0.2,0.74,6.9,197,13.4,197,7,Punta Hermosa,180,60,45,45,63.1
2026-08-24T13:00,1.02,10.25,205,0.22,0.72,7.0,197,14.7,192,7,Punta Hermosa,180,60,45,45,63.1
2026-08-24T14:00,1.02,10.2,205,0.26,0.68,7.75,207,15.6,195,7,Punta Hermosa,180,60,45,45,59.3
2026-08-24T15:00,1.04,10.1,205,0.28,0.62,8.75,216,15.7,191,7,Punta Hermosa,180,60,45,45,59.3
2026-08-24T16:00,1.04,10.05,205,0.32,0.58,9.6,226,15.1,182,7,Punta Hermosa,180,60,45,45,59.3
2026-08-24T17:00,1.04,10.05,205,0.3,0.56,9.95,215,15.3,178,7,Punta Hermosa,180,60,45,45,59.3
2026-08-24T18:00,1.04,10.05,204,0.28,0.54,10.1,204,15.0,170,7,Punta Hermosa,180,60,45,45,59.5
2026-08-24T19:00,1.04,10.05,204,0.26,0.52,10.3,193,12.8,160,7,Punta Hermosa,180,60,45,45,63.2
2026-08-24T20:00,1.04,10.05,204,0.22,0.52,10.8,193,11.7,153,7,Punta Hermosa,180,60,45,45,63.2
2026-08-24T21:00,1.06,10.0,204,0.2,0.54,11.35,194,9.5,143,7,Punta Hermosa,180,60,45,45,66.2
2026-08-24T22:00,1.06,9.95,204,0.16,0.54,11.65,194,8.5,142,7,Punta Hermosa,180,60,45,45,61.2
2026-08-24T23:00,1.08,9.9,204,0.14,0.58,11.5,200,4.9,141,7,Punta Hermosa,180,60,45,45,63.5
2026-08-25T00:00,1.08,9.85,203,0.1,0.64,11.1,206,5.2,149,7,Punta Hermosa,180,60,45,45,61.4
2026-08-25T01:00,1.1,9.8,203,0.08,0.68,10.75,212,4.7,122,7,Punta Hermosa,180,60,45,45,66.5
2026-08-25T02:00,1.1,9.75,203,0.06,0.68,10.65,211,4.8,110,7,Punta Hermosa,180,60,45,45,69.2
2026-08-25T03:00,1.1,9.75,203,0.06,0.7,10.65,211,5.1,113,7,Punta Hermosa,180,60,45,45,66.3
2026-08-25T04:00,1.1,9.7,203,0.04,0.7,10.55,210,5.0,109,7,Punta Hermosa,180,60,45,45,67.2
2026-08-25T05:00,1.1,9.65,203,0.04,0.74,10.35,208,4.5,90,7,Punta Hermosa,180,60,45,45,73.7
2026-08-25T06:00,1.12,9.65,202,0.02,0.76,10.1,206,4.8,68,7,Punta Hermosa,180,60,45,45,78.7
2026-08-25T07:00,1.12,9.6,202,0.02,0.8,9.6,204,5.2,65,7,Punta Hermosa,180,60,45,45,77.1
2026-08-25T08:00,1.14,9.55,202,0.06,0.8,8.65,200,3.2,90,7,Punta Hermosa,180,60,45,45,73.8
2026-08-25T09:00,1.14,9.5,201,0.08,0.78,7.55,196,4.8,160,7,Punta Hermosa,180,60,45,45,64.0
2026-08-25T10:00,1.16,9.45,201,0.12,0.78,6.75,192,9.9,189,7,Punta Hermosa,180,60,45,45,61.8
2026-08-25T11:00,1.16,9.4,201,0.16,0.78,6.55,192,11.2,201,7,Punta Hermosa,180,60,45,45,58.8
2026-08-25T12:00,1.16,9.35,202,0.22,0.76,6.75,192,12.5,200,7,Punta Hermosa,180,60,45,45,58.6
2026-08-25T13:00,1.16,9.35,202,0.26,0.76,7.15,192,13.5,196,7,Punta Hermosa,180,60,45,45,58.6
2026-08-25T14:00,1.16,9.35,202,0.24,0.76,7.85,196,13.9,190,7,Punta Hermosa,180,60,45,45,58.6
2026-08-25T15:00,1.14,9.35,202,0.24,0.74,8.75,201,13.2,186,7,Punta Hermosa,180,60,45,45,58.6
2026-08-25T16:00,1.14,9.4,202,0.22,0.74,9.5,205,14.4,184,7,Punta Hermosa,180,60,45,45,58.6
2026-08-25T17:00,1.14,9.45,203,0.2,0.72,10.0,215,12.5,176,7,Punta Hermosa,180,60,45,45,58.4
2026-08-25T18:00,1.12,9.55,203,0.16,0.68,10.3,225,9.1,171,7,Punta Hermosa,180,60,45,45,61.4
2026-08-25T19:00,1.12,9.65,204,0.14,0.66,10.5,235,7.9,164,7,Punta Hermosa,180,60,45,45,61.2
2026-08-25T20:00,1.12,9.75,204,0.14,0.66,10.4,232,6.7,149,7,Punta Hermosa,180,60,45,45,61.2
2026-08-25T21:00,1.12,9.8,204,0.12,0.66,10.2,230,7.2,143,7,Punta Hermosa,180,60,45,45,61.2
2026-08-25T22:00,1.12,9.85,204,0.12,0.66,10.25,227,8.3,150,7,Punta Hermosa,180,60,45,45,61.2
2026-08-25T23:00,1.12,9.85,204,0.12,0.62,11.05,224,8.0,144,7,Punta Hermosa,180,60,45,45,61.2
2026-08-23T00:00,1.02,10.6,202,0.02,0.84,6.95,190,3.7,104,8,Punta Rocas,225,45,90,45,85.5
2026-08-23T01:00,1.0,10.65,202,0.02,0.82,6.9,190,8.6,129,8,Punta Rocas,225,45,90,45,77.8
2026-08-23T02:00,1.0,10.65,202,0.02,0.82,6.9,190,7.8,127,8,Punta Rocas,225,45,90,45,78.2
2026-08-23T03:00,0.98,10.7,202,0.0,0.82,6.85,190,6.9,118,8,Punta Rocas,225,45,90,45,75.2
2026-08-23T04:00,0.98,10.7,202,0.0,0.82,6.85,190,6.0,87,8,Punta Rocas,225,45,90,45,80.8
2026-08-23T05:00,0.98,10.7,202,0.0,0.8,6.85,189,5.0,88,8,Punta Rocas,225,45,90,45,81.0
2026-08-23T06:00,0.98,10.75,202,0.0,0.8,6.85,189,5.0,90,8,Punta Rocas,225,45,90,45,81.4
2026-08-23T07:00,0.98,10.75,202,0.0,0.78,6.85,188,7.8,103,8,Punta Rocas,225,45,90,45,78.5
2026-08-23T08:00,0.98,10.75,202,0.0,0.78,6.85,188,7.4,113,8,Punta Rocas,225,45,90,45,76.3
2026-08-23T09:00,0.98,10.8,202,0.0,0.76,6.85,188,6.7,182,8,Punta Rocas,225,45,90,45,61.4
2026-08-23T10:00,0.98,10.8,202,0.0,0.76,6.85,188,8.3,202,8,Punta Rocas,225,45,90,45,61.4
2026-08-23T11:00,0.98,10.8,202,0.02,0.76,6.85,188,13.8,217,8,Punta Rocas,225,45,90,45,58.4
2026-08-23T12:00,0.98,10.8,202,0.06,0.76,6.85,188,16.6,212,8,Punta Rocas,225,45,90,45,54.7
2026-08-23T13:00,0.98,10.8,202,0.08,0.76,6.85,188,15.3,211,8,Punta Rocas,225,45,90,45,54.7
2026-08-23T14:00,0.98,10.8,202,0.06,0.76,6.85,188,13.9,223,8,Punta Rocas,225,45,90,45,58.4
2026-08-23T15:00,0.98,10.8,203,0.06,0.76,6.8,188,14.0,217,8,Punta Rocas,225,45,90,45,58.6
2026-08-23T16:00,0.98,10.85,203,0.04,0.76,6.8,188,13.5,218,8,Punta Rocas,225,45,90,45,58.6
2026-08-23T17:00,0.98,10.9,203,0.04,0.76,6.8,188,13.6,212,8,Punta Rocas,225,45,90,45,58.6
2026-08-23T18:00,0.98,10.95,204,0.04,0.74,6.85,188,10.4,201,8,Punta Rocas,225,45,90,45,58.8
2026-08-23T19:00,0.98,11.0,204,0.04,0.74,6.85,188,9.0,190,8,Punta Rocas,225,45,90,45,61.8
2026-08-23T20:00,0.98,11.0,204,0.04,0.74,6.85,188,8.1,177,8,Punta Rocas,225,45,90,45,62.4
2026-08-23T21:00,0.98,11.0,204,0.04,0.72,6.9,188,7.9,163,8,Punta Rocas,225,45,90,45,65.5
2026-08-23T22:00,0.98,11.0,204,0.04,0.72,6.9,188,7.8,151,8,Punta Rocas,225,45,90,45,68.2
2026-08-23T23:00,0.98,11.0,204,0.04,0.72,6.9,188,5.5,171,8,Punta Rocas,225,45,90,45,63.8
2026-08-24T00:00,0.98,11.0,205,0.02,0.74,6.85,189,4.3,185,8,Punta Rocas,225,45,90,45,64.2
2026-08-24T01:00,0.98,10.95,205,0.02,0.74,6.85,189,2.6,129,8,Punta Rocas,225,45,90,45,75.5
2026-08-24T02:00,0.98,10.9,205,0.02,0.76,6.8,189,2.4,153,8,Punta Rocas,225,45,90,45,70.2
2026-08-24T03:00,0.98,10.85,205,0.02,0.76,6.75,189,3.5,111,8,Punta Rocas,225,45,90,45,79.5
2026-08-24T04:00,0.98,10.8,205,0.02,0.78,6.75,189,4.5,90,8,Punta Rocas,225,45,90,45,84.2
2026-08-24T05:00,0.98,10.75,204,0.02,0.8,6.75,191,7.3,110,8,Punta Rocas,225,45,90,45,77.3
2026-08-24T06:00,0.98,10.7,204,0.04,0.82,6.8,193,6.1,146,8,Punta Rocas,225,45,90,45,69.3
2026-08-24T07:00,0.98,10.65,203,0.04,0.84,6.85,195,6.4,135,8,Punta Rocas,225,45,90,45,71.6
2026-08-24T08:00,0.98,10.6,203,0.06,0.84,6.85,195,6.5,148,8,Punta Rocas,225,45,90,45,68.7
2026-08-24T09:00,1.0,10.6,203,0.08,0.82,6.85,195,7.2,174,8,Punta Rocas,225,45,90,45,67.9
2026-08-24T10:00,1.0,10.55,203,0.1,0.82,6.85,195,9.8,200,8,Punta Rocas,225,45,90,45,66.6
2026-08-24T11:00,1.0,10.5,203,0.12,0.8,6.75,195,11.6,208,8,Punta Rocas,225,45,90,45,63.6
2026-08-24T12:00,1.02,10.5,203,0.16,0.8,6.6,195,16.0,203,8,Punta Rocas,225,45,90,45,59.8
2026-08-24T13:00,1.02,10.45,203,0.18,0.78,6.6,195,15.9,195,8,Punta Rocas,225,45,90,45,59.8
2026-08-24T14:00,1.02,10.4,203,0.2,0.76,6.7,195,16.3,199,8,Punta Rocas,225,45,90,45,59.8
2026-08-24T15:00,1.04,10.35,203,0.24,0.72,6.95,195,16.3,193,8,Punta Rocas,225,45,90,45,59.8
2026-08-24T16:00,1.04,10.3,203,0.26,0.7,7.5,195,16.7,186,8,Punta Rocas,225,45,90,45,59.8
2026-08-24T17:00,1.04,10.25,203,0.24,0.66,8.55,200,15.1,177,8,Punta Rocas,225,45,90,45,60.5
2026-08-24T18:00,1.04,10.25,203,0.2,0.6,9.9,204,13.7,166,8,Punta Rocas,225,45,90,45,66.7
2026-08-24T19:00,1.04,10.2,203,0.18,0.56,10.9,209,12.8,158,8,Punta Rocas,225,45,90,45,68.5
2026-08-24T20:00,1.04,10.2,203,0.14,0.58,11.35,209,11.9,158,8,Punta Rocas,225,45,90,45,68.5
2026-08-24T21:00,1.04,10.15,203,0.12,0.58,11.45,209,9.7,151,8,Punta Rocas,225,45,90,45,73.0
2026-08-24T22:00,1.04,10.15,203,0.08,0.6,11.45,209,9.0,151,8,Punta Rocas,225,45,90,45,73.0
2026-08-24T23:00,1.04,10.1,203,0.06,0.62,11.35,209,6.8,151,8,Punta Rocas,225,45,90,45,73.0
2026-08-25T00:00,1.06,10.05,202,0.06,0.64,11.15,210,6.0,147,8,Punta Rocas,225,45,90,45,73.8
2026-08-25T01:00,1.06,10.0,202,0.04,0.66,10.95,210,6.1,150,8,Punta Rocas,225,45,90,45,73.1
2026-08-25T02:00,1.08,9.95,202,0.04,0.68,10.85,209,6.4,144,8,Punta Rocas,225,45,90,45,69.4
2026-08-25T03:00,1.08,9.95,202,0.02,0.7,10.8,209,6.2,136,8,Punta Rocas,225,45,90,45,71.2
2026-08-25T04:00,1.1,9.9,202,0.02,0.72,10.65,208,6.1,130,8,Punta Rocas,225,45,90,45,72.5
2026-08-25T05:00,1.1,9.9,202,0.02,0.76,10.35,207,6.4,122,8,Punta Rocas,225,45,90,45,74.3
2026-08-25T06:00,1.12,9.85,201,0.02,0.78,10.0,205,7.3,101,8,Punta Rocas,225,45,90,45,78.8
2026-08-25T07:00,1.12,9.85,201,0.02,0.82,9.65,204,7.2,91,8,Punta Rocas,225,45,90,45,81.0
2026-08-25T08:00,1.12,9.8,201,0.04,0.8,9.3,204,5.7,118,8,Punta Rocas,225,45,90,45,75.0
2026-08-25T09:00,1.14,9.75,201,0.04,0.8,9.0,203,7.4,174,8,Punta Rocas,225,45,90,45,62.6
2026-08-25T10:00,1.14,9.7,201,0.06,0.78,8.75,203,10.7,202,8,Punta Rocas,225,45,90,45,58.2
2026-08-25T11:00,1.14,9.65,201,0.1,0.78,8.55,203,12.8,215,8,Punta Rocas,225,45,90,45,58.2
2026-08-25T12:00,1.14,9.6,201,0.16,0.76,8.45,204,14.1,218,8,Punta Rocas,225,45,90,45,58.2
2026-08-25T13:00,1.14,9.55,201,0.2,0.76,8.5,204,15.6,213,8,Punta Rocas,225,45,90,45,54.5
2026-08-25T14:00,1.14,9.55,201,0.2,0.76,8.8,204,16.0,206,8,Punta Rocas,225,45,90,45,54.5
2026-08-25T15:00,1.14,9.55,201,0.18,0.76,9.25,203,15.3,204,8,Punta Rocas,225,45,90,45,54.5
2026-08-25T16:00,1.14,9.55,201,0.18,0.76,9.6,203,16.2,199,8,Punta Rocas,225,45,90,45,54.5
2026-08-25T17:00,1.14,9.6,201,0.14,0.76,9.7,203,12.3,192,8,Punta Rocas,225,45,90,45,58.2
2026-08-25T18:00,1.12,9.7,202,0.1,0.76,9.7,203,10.5,184,8,Punta Rocas,225,45,90,45,58.4
2026-08-25T19:00,1.12,9.8,202,0.06,0.76,9.6,203,9.5,179,8,Punta Rocas,225,45,90,45,61.6
2026-08-25T20:00,1.12,9.9,202,0.06,0.74,9.4,203,8.3,178,8,Punta Rocas,225,45,90,45,61.8
2026-08-25T21:00,1.1,9.95,203,0.04,0.74,9.15,203,8.2,172,8,Punta Rocas,225,45,90,45,63.4
2026-08-25T22:00,1.1,10.0,203,0.04,0.72,9.1,203,8.4,170,8,Punta Rocas,225,45,90,45,68.8
2026-08-25T23:00,1.1,10.0,203,0.04,0.7,9.45,203,8.8,169,8,Punta Rocas,225,45,90,45,69.0
2026-08-23T00:00,1.02,10.5,203,0.04,0.82,6.95,191,7.6,124,9,San Bartolo,180,60,67,45,73.8
2026-08-23T01:00,1.0,10.55,203,0.06,0.82,6.9,191,10.2,135,9,San Bartolo,180,60,67,45,68.3
2026-08-23T02:00,1.0,10.55,203,0.04,0.82,6.9,191,9.4,130,9,San Bartolo,180,60,67,45,72.4
2026-08-23T03:00,0.98,10.6,203,0.04,0.8,6.9,190,9.4,122,9,San Bartolo,180,60,67,45,69.2
2026-08-23T04:00,0.98,10.6,203,0.02,0.8,6.9,190,8.2,104,9,San Bartolo,180,60,67,45,73.2
2026-08-23T05:00,0.98,10.6,203,0.02,0.8,6.9,190,7.8,98,9,San Bartolo,180,60,67,45,74.5
2026-08-23T06:00,0.98,10.65,203,0.0,0.78,6.85,189,9.2,96,9,San Bartolo,180,60,67,45,75.0
2026-08-23T07:00,0.98,10.65,203,0.0,0.78,6.85,189,9.9,94,9,San Bartolo,180,60,67,45,75.4
2026-08-23T08:00,0.98,10.7,203,0.0,0.78,6.85,189,9.3,98,9,San Bartolo,180,60,67,45,74.5
2026-08-23T09:00,0.98,10.75,204,0.02,0.76,6.9,189,7.8,157,9,San Bartolo,180,60,67,45,61.2
2026-08-23T10:00,0.98,10.75,204,0.02,0.76,6.9,189,9.7,180,9,San Bartolo,180,60,67,45,61.2
2026-08-23T11:00,0.98,10.75,204,0.04,0.76,6.9,189,14.4,200,9,San Bartolo,180,60,67,45,58.2
2026-08-23T12:00,0.98,10.7,204,0.08,0.76,6.85,188,16.7,199,9,San Bartolo,180,60,67,45,54.5
2026-08-23T13:00,0.98,10.7,204,0.1,0.76,6.85,188,17.1,206,9,San Bartolo,180,60,67,45,54.5
2026-08-23T14:00,0.98,10.7,204,0.1,0.76,6.85,188,15.2,222,9,San Bartolo,180,60,67,45,54.5
2026-08-23T15:00,0.98,10.7,204,0.1,0.78,6.85,189,14.7,213,9,San Bartolo,180,60,67,45,58.2
2026-08-23T16:00,0.98,10.75,204,0.1,0.78,6.85,189,14.5,211,9,San Bartolo,180,60,67,45,58.2
2026-08-23T17:00,0.98,10.8,204,0.1,0.78,6.85,189,15.0,201,9,San Bartolo,180,60,67,45,54.5
2026-08-23T18:00,0.98,10.85,205,0.08,0.76,6.9,189,12.6,182,9,San Bartolo,180,60,67,45,58.1
2026-08-23T19:00,0.98,10.9,205,0.08,0.76,6.9,189,11.5,170,9,San Bartolo,180,60,67,45,58.1
2026-08-23T20:00,0.98,10.9,205,0.08,0.76,6.95,189,10.5,160,9,San Bartolo,180,60,67,45,58.1
2026-08-23T21:00,0.98,10.85,206,0.1,0.74,7.0,189,10.5,151,9,San Bartolo,180,60,67,45,59.3
2026-08-23T22:00,0.98,10.85,206,0.1,0.74,7.0,189,10.7,143,9,San Bartolo,180,60,67,45,61.0
2026-08-23T23:00,0.98,10.85,206,0.08,0.74,6.9,189,8.3,153,9,San Bartolo,180,60,67,45,61.8
2026-08-24T00:00,0.98,10.85,206,0.06,0.76,6.8,189,6.5,156,9,San Bartolo,180,60,67,45,61.1
2026-08-24T01:00,0.98,10.8,206,0.04,0.76,6.7,189,6.4,119,9,San Bartolo,180,60,67,45,69.4
2026-08-24T02:00,0.98,10.75,206,0.04,0.78,6.7,189,6.3,121,9,San Bartolo,180,60,67,45,68.9
2026-08-24T03:00,0.98,10.65,206,0.04,0.78,6.7,190,7.5,111,9,San Bartolo,180,60,67,45,71.1
2026-08-24T04:00,0.98,10.6,206,0.04,0.8,6.75,190,8.4,109,9,San Bartolo,180,60,67,45,71.6
2026-08-24T05:00,0.98,10.55,206,0.06,0.8,6.75,192,10.5,117,9,San Bartolo,180,60,67,45,66.8
2026-08-24T06:00,0.98,10.5,205,0.08,0.82,6.8,195,9.5,141,9,San Bartolo,180,60,67,45,64.6
2026-08-24T07:00,0.98,10.45,205,0.1,0.82,6.85,197,9.8,136,9,San Bartolo,180,60,67,45,65.7
2026-08-24T08:00,1.0,10.45,205,0.12,0.8,7.0,197,10.2,134,9,San Bartolo,180,60,67,45,68.2
2026-08-24T09:00,1.0,10.4,204,0.12,0.8,7.15,198,9.4,149,9,San Bartolo,180,60,67,45,68.0
2026-08-24T10:00,1.02,10.4,204,0.14,0.78,7.25,198,11.0,175,9,San Bartolo,180,60,67,45,63.2
2026-08-24T11:00,1.02,10.35,204,0.16,0.76,7.1,198,11.9,182,9,San Bartolo,180,60,67,45,63.2
2026-08-24T12:00,1.02,10.3,205,0.2,0.74,6.9,197,17.0,185,9,San Bartolo,180,60,67,45,59.3
2026-08-24T13:00,1.02,10.25,205,0.22,0.72,7.0,197,16.9,181,9,San Bartolo,180,60,67,45,59.3
2026-08-24T14:00,1.02,10.2,205,0.26,0.68,7.75,207,17.8,186,9,San Bartolo,180,60,67,45,59.3
2026-08-24T15:00,1.04,10.1,205,0.28,0.62,8.75,216,17.3,179,9,San Bartolo,180,60,67,45,59.3
2026-08-24T16:00,1.04,10.05,205,0.32,0.58,9.6,226,19.0,175,9,San Bartolo,180,60,67,45,59.3
2026-08-24T17:00,1.04,10.05,205,0.3,0.56,9.95,215,16.9,164,9,San Bartolo,180,60,67,45,59.3
2026-08-24T18:00,1.04,10.05,204,0.28,0.54,10.1,204,16.1,160,9,San Bartolo,180,60,67,45,59.5
2026-08-24T19:00,1.04,10.05,204,0.26,0.52,10.3,193,16.4,156,9,San Bartolo,180,60,67,45,59.7
2026-08-24T20:00,1.04,10.05,204,0.22,0.52,10.8,193,15.9,154,9,San Bartolo,180,60,67,45,60.2
2026-08-24T21:00,1.06,10.0,204,0.2,0.54,11.35,194,13.7,152,9,San Bartolo,180,60,67,45,64.4
2026-08-24T22:00,1.06,9.95,204,0.16,0.54,11.65,194,12.4,150,9,San Bartolo,180,60,67,45,59.8
2026-08-24T23:00,1.08,9.9,204,0.14,0.58,11.5,200,11.0,148,9,San Bartolo,180,60,67,45,60.2
2026-08-25T00:00,1.08,9.85,203,0.1,0.64,11.1,206,10.7,144,9,San Bartolo,180,60,67,45,61.3
2026-08-25T01:00,1.1,9.8,203,0.08,0.68,10.75,212,11.2,147,9,San Bartolo,180,60,67,45,60.6
2026-08-25T02:00,1.1,9.75,203,0.06,0.68,10.65,211,11.5,146,9,San Bartolo,180,60,67,45,60.8
2026-08-25T03:00,1.1,9.75,203,0.06,0.7,10.65,211,10.4,143,9,San Bartolo,180,60,67,45,61.5
2026-08-25T04:00,1.1,9.7,203,0.04,0.7,10.55,210,10.9,136,9,San Bartolo,180,60,67,45,63.1
2026-08-25T05:00,1.1,9.65,203,0.04,0.74,10.35,208,11.1,134,9,San Bartolo,180,60,67,45,63.5
2026-08-25T06:00,1.12,9.65,202,0.02,0.76,10.1,206,10.5,115,9,San Bartolo,180,60,67,45,67.9
2026-08-25T07:00,1.12,9.6,202,0.02,0.8,9.6,204,9.9,100,9,San Bartolo,180,60,67,45,74.2
2026-08-25T08:00,1.14,9.55,202,0.06,0.8,8.65,200,8.6,120,9,San Bartolo,180,60,67,45,69.8
2026-08-25T09:00,1.14,9.5,201,0.08,0.78,7.55,196,10.3,167,9,San Bartolo,180,60,67,45,58.8
2026-08-25T10:00,1.16,9.45,201,0.12,0.78,6.75,192,12.0,192,9,San Bartolo,180,60,67,45,58.8
2026-08-25T11:00,1.16,9.4,201,0.16,0.78,6.55,192,13.2,202,9,San Bartolo,180,60,67,45,58.8
2026-08-25T12:00,1.16,9.35,202,0.22,0.76,6.75,192,14.6,204,9,San Bartolo,180,60,67,45,58.6
2026-08-25T13:00,1.16,9.35,202,0.26,0.76,7.15,192,16.3,201,9,San Bartolo,180,60,67,45,54.8
2026-08-25T14:00,1.16,9.35,202,0.24,0.76,7.85,196,17.1,197,9,San Bartolo,180,60,67,45,54.8
2026-08-25T15:00,1.14,9.35,202,0.24,0.74,8.75,201,17.2,193,9,San Bartolo,180,60,67,45,54.8
2026-08-25T16:00,1.14,9.4,202,0.22,0.74,9.5,205,17.4,188,9,San Bartolo,180,60,67,45,54.8
2026-08-25T17:00,1.14,9.45,203,0.2,0.72,10.0,215,14.8,177,9,San Bartolo,180,60,67,45,58.4
2026-08-25T18:00,1.12,9.55,203,0.16,0.68,10.3,225,14.1,170,9,San Bartolo,180,60,67,45,58.4
2026-08-25T19:00,1.12,9.65,204,0.14,0.66,10.5,235,13.4,169,9,San Bartolo,180,60,67,45,58.2
2026-08-25T20:00,1.12,9.75,204,0.14,0.66,10.4,232,12.8,170,9,San Bartolo,180,60,67,45,58.2
2026-08-25T21:00,1.12,9.8,204,0.12,0.66,10.2,230,12.0,166,9,San Bartolo,180,60,67,45,58.2
2026-08-25T22:00,1.12,9.85,204,0.12,0.66,10.25,227,11.7,166,9,San Bartolo,180,60,67,45,58.2
2026-08-25T23:00,1.12,9.85,204,0.12,0.62,11.05,224,12.1,165,9,San Bartolo,180,60,67,45,58.2
2026-08-23T00:00,0.98,10.75,203,0.1,0.78,6.85,190,11.9,150,10,Cerro Azul,225,45,67,45,60.1
2026-08-23T01:00,0.98,10.75,203,0.12,0.78,6.9,190,10.7,155,10,Cerro Azul,225,45,67,45,59.0
2026-08-23T02:00,0.98,10.75,203,0.1,0.78,6.9,190,13.4,145,10,Cerro Azul,225,45,67,45,61.2
2026-08-23T03:00,1.0,10.7,203,0.06,0.76,6.95,190,13.9,137,10,Cerro Azul,225,45,67,45,68.0
2026-08-23T04:00,1.0,10.7,203,0.04,0.76,6.9,190,13.0,129,10,Cerro Azul,225,45,67,45,69.8
2026-08-23T05:00,1.0,10.7,203,0.02,0.76,6.8,190,11.0,109,10,Cerro Azul,225,45,67,45,74.2
2026-08-23T06:00,1.0,10.75,203,0.02,0.78,6.65,190,10.5,84,10,Cerro Azul,225,45,67,45,79.8
2026-08-23T07:00,1.0,10.8,203,0.0,0.78,6.6,190,5.8,94,10,Cerro Azul,225,45,67,45,80.6
2026-08-23T08:00,1.0,10.85,203,0.0,0.78,6.65,190,9.4,107,10,Cerro Azul,225,45,67,45,77.7
2026-08-23T09:00,0.98,10.95,204,0.0,0.76,6.7,190,10.6,118,10,Cerro Azul,225,45,67,45,67.4
2026-08-23T10:00,0.98,11.0,204,0.0,0.76,6.8,190,7.8,140,10,Cerro Azul,225,45,67,45,65.5
2026-08-23T11:00,0.98,11.0,204,0.04,0.76,6.85,190,12.3,207,10,Cerro Azul,225,45,67,45,58.8
2026-08-23T12:00,0.98,11.0,204,0.06,0.74,6.9,189,15.6,210,10,Cerro Azul,225,45,67,45,55.0
2026-08-23T13:00,0.98,11.0,204,0.1,0.74,6.95,189,17.9,220,10,Cerro Azul,225,45,67,45,55.0
2026-08-23T14:00,0.98,11.0,204,0.1,0.74,6.95,189,13.8,221,10,Cerro Azul,225,45,67,45,58.8
2026-08-23T15:00,0.98,11.05,204,0.12,0.76,6.95,190,15.3,199,10,Cerro Azul,225,45,67,45,55.0
2026-08-23T16:00,0.98,11.05,204,0.12,0.76,7.0,190,15.9,195,10,Cerro Azul,225,45,67,45,55.0
2026-08-23T17:00,0.98,11.0,204,0.1,0.76,7.05,190,15.5,190,10,Cerro Azul,225,45,67,45,55.0
2026-08-23T18:00,1.0,10.95,204,0.1,0.74,7.15,190,12.1,177,10,Cerro Azul,225,45,67,45,63.8
2026-08-23T19:00,1.0,10.85,204,0.08,0.74,7.25,190,11.9,170,10,Cerro Azul,225,45,67,45,63.8
2026-08-23T20:00,1.02,10.7,204,0.06,0.74,7.3,190,13.3,167,10,Cerro Azul,225,45,67,45,63.8
2026-08-23T21:00,1.02,10.55,204,0.06,0.72,7.35,189,12.6,152,10,Cerro Azul,225,45,67,45,64.9
2026-08-23T22:00,1.04,10.4,204,0.04,0.72,7.4,189,11.7,139,10,Cerro Azul,225,45,67,45,67.8
2026-08-23T23:00,1.04,10.3,204,0.02,0.74,7.55,192,8.7,127,10,Cerro Azul,225,45,67,45,73.4
2026-08-24T00:00,1.04,10.2,204,0.02,0.76,7.7,195,7.1,124,10,Cerro Azul,225,45,67,45,74.1
2026-08-24T01:00,1.04,10.15,204,0.0,0.78,7.8,198,7.7,129,10,Cerro Azul,225,45,67,45,73.0
2026-08-24T02:00,1.04,10.1,204,0.0,0.78,7.85,198,8.0,110,10,Cerro Azul,225,45,67,45,77.2
2026-08-24T03:00,1.06,10.05,203,0.02,0.76,7.8,197,7.7,111,10,Cerro Azul,225,45,67,45,76.8
2026-08-24T04:00,1.06,10.0,203,0.02,0.76,7.8,197,8.6,131,10,Cerro Azul,225,45,67,45,72.4
2026-08-24T05:00,1.06,9.9,203,0.02,0.74,7.8,197,9.9,119,10,Cerro Azul,225,45,67,45,70.0
2026-08-24T06:00,1.06,9.85,203,0.02,0.74,7.75,198,8.9,108,10,Cerro Azul,225,45,67,45,72.5
2026-08-24T07:00,1.06,9.8,203,0.02,0.72,7.75,198,7.8,82,10,Cerro Azul,225,45,67,45,78.2
2026-08-24T08:00,1.06,9.85,203,0.02,0.72,7.75,198,5.2,124,10,Cerro Azul,225,45,67,45,68.9
2026-08-24T09:00,1.04,9.95,203,0.0,0.7,7.7,198,6.8,177,10,Cerro Azul,225,45,67,45,61.6
2026-08-24T10:00,1.04,10.05,203,0.0,0.7,7.65,198,9.2,203,10,Cerro Azul,225,45,67,45,66.6
2026-08-24T11:00,1.04,10.1,203,0.08,0.68,7.4,198,13.4,213,10,Cerro Azul,225,45,67,45,63.6
2026-08-24T12:00,1.04,10.2,203,0.14,0.66,7.15,197,17.0,203,10,Cerro Azul,225,45,67,45,59.8
2026-08-24T13:00,1.04,10.2,203,0.22,0.64,7.4,197,15.9,205,10,Cerro Azul,225,45,67,45,59.8
2026-08-24T14:00,1.06,10.15,203,0.24,0.64,8.6,203,17.4,206,10,Cerro Azul,225,45,67,45,59.8
2026-08-24T15:00,1.06,10.0,203,0.24,0.62,10.3,208,16.2,192,10,Cerro Azul,225,45,67,45,59.8
2026-08-24T16:00,1.08,9.9,203,0.26,0.62,11.5,214,14.6,181,10,Cerro Azul,225,45,67,45,58.6
2026-08-24T17:00,1.1,9.75,203,0.24,0.64,11.7,213,15.3,177,10,Cerro Azul,225,45,67,45,54.8
2026-08-24T18:00,1.12,9.65,202,0.24,0.64,11.4,212,14.2,172,10,Cerro Azul,225,45,67,45,58.4
2026-08-24T19:00,1.14,9.5,202,0.22,0.66,11.15,211,17.2,154,10,Cerro Azul,225,45,67,45,55.3
2026-08-24T20:00,1.16,9.4,201,0.2,0.66,11.05,211,17.4,139,10,Cerro Azul,225,45,67,45,58.5
2026-08-24T21:00,1.16,9.3,201,0.16,0.66,10.95,211,16.7,133,10,Cerro Azul,225,45,67,45,59.8
2026-08-24T22:00,1.18,9.2,200,0.14,0.66,10.9,211,14.6,135,10,Cerro Azul,225,45,67,45,63.0
2026-08-24T23:00,1.18,9.15,200,0.14,0.68,11.05,211,14.9,134,10,Cerro Azul,225,45,67,45,63.2
2026-08-25T00:00,1.2,9.15,200,0.16,0.7,11.25,211,14.6,130,10,Cerro Azul,225,45,67,45,64.1
2026-08-25T01:00,1.2,9.1,200,0.16,0.72,10.8,211,14.7,138,10,Cerro Azul,225,45,67,45,62.3
2026-08-25T02:00,1.22,9.05,200,0.1,0.78,9.0,204,12.0,140,10,Cerro Azul,225,45,67,45,61.9
2026-08-25T03:00,1.24,8.95,200,0.06,0.84,6.55,198,7.4,137,10,Cerro Azul,225,45,67,45,65.5
2026-08-25T04:00,1.26,8.9,200,0.0,0.9,4.8,191,2.7,118,10,Cerro Azul,225,45,67,45,72.0
2026-08-25T05:00,1.26,8.9,200,0.0,0.9,4.4,191,3.8,357,10,Cerro Azul,225,45,67,45,67.8
2026-08-25T06:00,1.24,8.95,201,0.02,0.88,4.65,192,5.2,333,10,Cerro Azul,225,45,67,45,61.2
2026-08-25T07:00,1.24,9.05,201,0.02,0.88,4.9,192,4.4,305,10,Cerro Azul,225,45,67,45,63.5
2026-08-25T08:00,1.22,9.15,201,0.04,0.86,4.75,192,5.9,259,10,Cerro Azul,225,45,67,45,61.2
2026-08-25T09:00,1.2,9.3,202,0.06,0.84,4.6,193,5.8,250,10,Cerro Azul,225,45,67,45,61.4
2026-08-25T10:00,1.18,9.4,202,0.08,0.82,4.95,193,8.3,252,10,Cerro Azul,225,45,67,45,61.4
2026-08-25T11:00,1.18,9.45,202,0.14,0.78,6.3,197,10.5,243,10,Cerro Azul,225,45,67,45,58.4
2026-08-25T12:00,1.16,9.45,203,0.2,0.76,8.1,202,11.6,231,10,Cerro Azul,225,45,67,45,58.6
2026-08-25T13:00,1.16,9.45,203,0.26,0.72,9.35,206,12.0,220,10,Cerro Azul,225,45,67,45,58.6
2026-08-25T14:00,1.16,9.45,203,0.26,0.72,9.5,206,12.9,205,10,Cerro Azul,225,45,67,45,58.6
2026-08-25T15:00,1.16,9.45,203,0.26,0.74,9.1,205,14.9,191,10,Cerro Azul,225,45,67,45,58.6
2026-08-25T16:00,1.16,9.45,203,0.26,0.74,8.8,205,15.2,186,10,Cerro Azul,225,45,67,45,54.8
2026-08-25T17:00,1.16,9.4,203,0.24,0.72,8.8,205,14.1,185,10,Cerro Azul,225,45,67,45,58.6
2026-08-25T18:00,1.18,9.35,202,0.2,0.68,8.85,204,13.0,183,10,Cerro Azul,225,45,67,45,58.4
2026-08-25T19:00,1.18,9.3,202,0.18,0.66,8.95,204,13.3,178,10,Cerro Azul,225,45,67,45,58.4
2026-08-25T20:00,1.2,9.25,202,0.16,0.66,9.05,204,13.0,169,10,Cerro Azul,225,45,67,45,58.4
2026-08-25T21:00,1.22,9.15,201,0.14,0.66,9.15,204,13.0,156,10,Cerro Azul,225,45,67,45,58.5
2026-08-25T22:00,1.24,9.1,201,0.12,0.66,9.2,204,13.7,150,10,Cerro Azul,225,45,67,45,59.8
2026-08-25T23:00,1.24,9.05,201,0.12,0.64,9.35,204,14.6,147,10,Cerro Azul,225,45,67,45,60.5
